index,motor_rev,motor_rpm,avx,avy,avz,lax,lay,laz
0,0.0,-5.936743437466042,0.0,0.0,-0.012948825411882721,0.0,0.0,9.81
1,0.0,-5.936743437466042,0.0,0.0,-0.037676435319745426,0.0,0.0,9.81
2,0.0,-18.787530533156183,0.0,0.0,-0.1096638585633308,0.0,0.0,9.81
3,0.0,-63.564291006410336,0.0,0.0,0.047961011278277274,0.0,0.0,9.81
4,0.0,-63.564291006410336,0.0,0.0,0.12023263973880871,0.0,0.0,9.81
5,0.0,-0.8329515520888744,0.0,0.0,-0.00882362122812359,0.0,0.0,9.81
6,0.0,-41.844325138638396,0.0,0.0,-0.1339822204538834,0.0,0.0,9.81
7,0.0,22.869563333474932,0.0,0.0,0.052520817792879225,0.0,0.0,9.81
8,0.0,22.869563333474932,0.0,0.0,0.06909238221163254,0.0,0.0,9.81
9,0.0,-33.402491872963864,0.0,0.0,-0.043843990933665505,0.0,0.0,9.81
10,0.0,-33.402491872963864,0.0,0.0,-0.019836300000325546,0.0,0.0,9.81
11,0.0,-39.430938096296686,0.0,0.0,-0.01741446513879055,0.0,0.0,9.81
12,0.0,52.464880438969345,0.0,0.0,-0.09437120341832361,0.0,0.0,9.81
13,0.0,52.464880438969345,0.0,0.0,0.05246297943594652,0.0,0.0,9.81
14,0.0,12.577299736205372,0.0,0.0,-0.07934289244483111,0.0,0.0,9.81
15,0.0,-19.2237523475147,0.0,0.0,0.15895029540695457,0.0,0.0,9.81
16,0.0,-19.2237523475147,0.0,0.0,0.09730072865931709,0.0,0.0,9.81
17,0.0,30.382353699338008,0.0,0.0,0.023474382118189367,0.0,0.0,9.81
18,0.0,-38.24531170391539,0.0,0.0,0.04260694422360113,0.0,0.0,9.81
19,0.0,-38.24531170391539,0.0,0.0,-0.04985632773645493,0.0,0.0,9.81
20,0.0,32.05941846297628,0.0,0.0,-0.020530161766960923,0.0,0.0,9.81
21,0.0,70.2619101520174,0.0,0.0,0.05067539772622348,0.0,0.0,9.81
22,0.0,70.2619101520174,0.0,0.0,0.03319673213127939,0.0,0.0,9.81
23,0.0,-0.0962152252616763,0.0,0.0,0.011761268356793454,0.0,0.0,9.81
24,0.0,-10.702303622619256,0.0,0.0,0.0028565090817700874,0.0,0.0,9.81
25,0.0,-10.702303622619256,0.0,0.0,0.048284831666261935,0.0,0.0,9.81
26,0.0,-21.867026463671078,0.0,0.0,0.061475035713283194,0.0,0.0,9.81
27,0.0,64.20235346917221,0.0,0.0,-0.014811005697030338,0.0,0.0,9.81
28,0.0,64.20235346917221,0.0,0.0,0.0630374737683188,0.0,0.0,9.81
29,0.0,-1.1545620082537613,0.0,0.0,-0.06925036927593343,0.0,0.0,9.81
30,0.0,-1.1545620082537613,0.0,0.0,-0.1077228369572992,0.0,0.0,9.81
31,0.0,-60.22858717206644,0.0,0.0,0.0525386058663569,0.0,0.0,9.81
32,0.0,8.067792040165635,0.0,0.0,0.059232692636148734,0.0,0.0,9.81
33,0.0,8.067792040165635,0.0,0.0,-0.10270816484514939,0.0,0.0,9.81
34,0.0,-17.635205934716943,0.0,0.0,-0.04276726990614645,0.0,0.0,9.81
35,0.0,22.091775145664837,0.0,0.0,0.03398624688069853,0.0,0.0,9.81
36,0.0,22.091775145664837,0.0,0.0,-0.07375239517742037,0.0,0.0,9.81
37,0.0,25.027487389397308,0.0,0.0,-0.05740846075123921,0.0,0.0,9.81
38,0.0,34.42644700066499,0.0,0.0,0.037862224291629956,0.0,0.0,9.81
39,0.0,34.42644700066499,0.0,0.0,0.046889138375459306,0.0,0.0,9.81
40,0.0,20.84026838258206,0.0,0.0,0.06958479595228638,0.0,0.0,9.81
41,0.0,4.874622334554885,0.0,0.0,-0.07796583774203131,0.0,0.0,9.81
42,0.0,4.874622334554885,0.0,0.0,0.03957472958079583,0.0,0.0,9.81
43,0.0,-13.477955247165212,0.0,0.0,0.0025527148689915417,0.0,0.0,9.81
44,0.0,-0.29689843279781813,0.0,0.0,0.0009465686709738398,0.0,0.0,9.81
45,0.0,-0.29689843279781813,0.0,0.0,-0.008196940645134734,0.0,0.0,9.81
46,0.0,31.236742170087737,0.0,0.0,-0.021167941273896325,0.0,0.0,9.81
47,0.0,-47.232996780641244,0.0,0.0,-0.15039570153850507,0.0,0.0,9.81
48,0.0,-47.232996780641244,0.0,0.0,-0.10238777993504532,0.0,0.0,9.81
49,0.0,-39.36660995037222,0.0,0.0,0.06316175764585925,0.0,0.0,9.81
50,0.0,-0.9468120587430405,0.0,0.0,0.12100339808024954,0.0,0.0,9.81
51,0.0,-0.9468120587430405,0.0,0.0,-0.08012156299520626,0.0,0.0,9.81
52,0.0,26.918507918049446,0.0,0.0,-0.025985100820729724,0.0,0.0,9.81
53,0.0,26.918507918049446,0.0,0.0,0.032386609355950946,0.0,0.0,9.81
54,0.0,20.768825957895206,0.0,0.0,-0.069636998732985,0.0,0.0,9.81
55,0.0,42.1260667930032,0.0,0.0,0.12824977297869208,0.0,0.0,9.81
56,0.0,42.1260667930032,0.0,0.0,0.09442221222088348,0.0,0.0,9.81
57,0.0,-22.522021044674506,0.0,0.0,-0.047725198828093555,0.0,0.0,9.81
58,0.0,-5.350523739883076,0.0,0.0,0.03784486967112586,0.0,0.0,9.81
59,0.0,-5.350523739883076,0.0,0.0,-0.043638169738875646,0.0,0.0,9.81
60,0.0,-15.932060470534347,0.0,0.0,-0.09239410305306742,0.0,0.0,9.81
61,0.0,68.18172097103024,0.0,0.0,-0.08375153987526807,0.0,0.0,9.81
62,0.0,68.18172097103024,0.0,0.0,0.09622456567130805,0.0,0.0,9.81
63,0.0,-12.95638243956726,0.0,0.0,0.02329782166033933,0.0,0.0,9.81
64,0.0,-33.61365595862994,0.0,0.0,0.1553514660184859,0.0,0.0,9.81
65,0.0,-33.61365595862994,0.0,0.0,0.04782129475978038,0.0,0.0,9.81
66,0.0,30.344828655977633,0.0,0.0,-0.0238645505644382,0.0,0.0,9.81
67,0.0,-39.941709197888926,0.0,0.0,0.16507793894341877,0.0,0.0,9.81
68,0.0,-39.941709197888926,0.0,0.0,-0.05729643111169009,0.0,0.0,9.81
69,0.0,-10.756866778404117,0.0,0.0,-0.03408593201752953,0.0,0.0,9.81
70,0.0,-12.529232605639857,0.0,0.0,0.00821622133993342,0.0,0.0,9.81
71,0.0,-12.529232605639857,0.0,0.0,0.01880251507183944,0.0,0.0,9.81
72,0.0,-9.320485694367884,0.0,0.0,0.06866140518165967,0.0,0.0,9.81
73,0.0,-15.428793085026465,0.0,0.0,-0.08637874241642333,0.0,0.0,9.81
74,0.0,-15.428793085026465,0.0,0.0,0.021383785860958574,0.0,0.0,9.81
75,0.0,18.255884775938224,0.0,0.0,-0.024885103634119776,0.0,0.0,9.81
76,0.0,18.255884775938224,0.0,0.0,-0.012515736006475217,0.0,0.0,9.81
77,0.0,18.589552871926024,0.0,0.0,-0.06645468344909224,0.0,0.0,9.81
78,0.0,-10.506526176574383,0.0,0.0,-0.033738620921643335,0.0,0.0,9.81
79,0.0,-10.506526176574383,0.0,0.0,0.004457990500426885,0.0,0.0,9.81
80,0.0,-43.93365892879183,0.0,0.0,-0.0649347390205798,0.0,0.0,9.81
81,0.0,18.12008111009561,0.0,0.0,0.1365124874485267,0.0,0.0,9.81
82,0.0,18.12008111009561,0.0,0.0,0.0800748264970913,0.0,0.0,9.81
83,0.0,24.12695233443124,0.0,0.0,0.07123730614747807,0.0,0.0,9.81
84,0.0,-9.29765204304509,0.0,0.0,0.0717383161944822,0.0,0.0,9.81
85,0.0,-9.29765204304509,0.0,0.0,-0.025517146201640105,0.0,0.0,9.81
86,0.0,-1.7640035005348689,0.0,0.0,-0.010614292030108236,0.0,0.0,9.81
87,0.0,39.9707413790512,0.0,0.0,0.012031880244542886,0.0,0.0,9.81
88,0.0,39.9707413790512,0.0,0.0,-0.02675441064103186,0.0,0.0,9.81
89,0.0,-49.5122385348751,0.0,0.0,-0.0380974000877877,0.0,0.0,9.81
90,0.0,63.66059401626371,0.0,0.0,0.01383549104850861,0.0,0.0,9.81
91,0.0,63.66059401626371,0.0,0.0,-0.021431886693167302,0.0,0.0,9.81
92,0.0,-12.922901505968984,0.0,0.0,-0.02344028061158476,0.0,0.0,9.81
93,0.0,-12.922901505968984,0.0,0.0,0.10260408767851274,0.0,0.0,9.81
94,0.0,81.58084906554171,0.0,0.0,-0.11901776559273138,0.0,0.0,9.81
95,0.0,-41.22051254472462,0.0,0.0,0.07086574945937404,0.0,0.0,9.81
96,0.0,55.35316212004409,0.0,0.0,0.05264728960867607,0.0,0.0,9.81
97,0.0,55.35316212004409,0.0,0.0,-0.011327396838098365,0.0,0.0,9.81
98,0.0,42.04229671093717,0.0,0.0,-0.008710100558311597,0.0,0.0,9.81
99,0.0,-3.559027617305232,0.0,0.0,-0.03002271880481565,0.0,0.0,9.81
100,0.0,-3.559027617305232,0.0,0.0,-0.12036974490785492,0.0,0.0,9.81
101,0.0,-62.5208245546038,0.0,0.0,-0.0036893648082125348,0.0,0.0,9.81
102,0.0,-62.5208245546038,0.0,0.0,0.045239297090975024,0.0,0.0,9.81
103,0.0,-1.6266436915286604,0.0,0.0,-0.007287456588810382,0.0,0.0,9.81
104,0.0,16.037829925078274,0.0,0.0,0.07399332822108089,0.0,0.0,9.81
105,0.0,64.64784597145248,0.0,0.0,-0.011452819492279455,0.0,0.0,9.81
106,0.0,64.64784597145248,0.0,0.0,-0.02261935013671707,0.0,0.0,9.81
107,0.0,-51.145187623216124,0.0,0.0,0.008893456956589147,0.0,0.0,9.81
108,0.0,-51.145187623216124,0.0,0.0,0.09910028234439207,0.0,0.0,9.81
109,0.0,20.94326332885546,0.0,0.0,-0.02163551690762514,0.0,0.0,9.81
110,0.0,-28.870207018670726,0.0,0.0,-0.10099561581510054,0.0,0.0,9.81
111,0.0,-28.870207018670726,0.0,0.0,-0.0842885875746974,0.0,0.0,9.81
112,0.0,35.09739097093106,0.0,0.0,-0.002438521976283924,0.0,0.0,9.81
113,0.0,74.92535537114045,0.0,0.0,0.05055910671569167,0.0,0.0,9.81
114,0.0,74.92535537114045,0.0,0.0,0.14118494968030124,0.0,0.0,9.81
115,0.0,10.652917994308131,0.0,0.0,-0.00962992863881191,0.0,0.0,9.81
116,0.0,0.36893565717777554,0.0,0.0,0.07130844593837067,0.0,0.0,9.81
117,0.0,0.36893565717777554,0.0,0.0,-0.00045671760327237464,0.0,0.0,9.81
118,0.0,4.494789937204165,0.0,0.0,0.01963211145934973,0.0,0.0,9.81
119,0.0,91.20852860892467,0.0,0.0,-0.025619042210464647,0.0,0.0,9.81
120,0.0,91.20852860892467,0.0,0.0,0.0595257241931874,0.0,0.0,9.81
121,0.0,-0.8025001074072352,0.0,0.0,0.004516363576108647,0.0,0.0,9.81
122,0.0,-0.8025001074072352,0.0,0.0,0.0366784950737779,0.0,0.0,9.81
123,0.0,-44.821402125226314,0.0,0.0,-0.020074293564671494,0.0,0.0,9.81
124,0.0,-6.563224224537837,0.0,0.0,-0.07705403275348006,0.0,0.0,9.81
125,0.0,-6.563224224537837,0.0,0.0,-0.14262756776555457,0.0,0.0,9.81
126,0.0,46.01438224129438,0.0,0.0,-0.013934464177021814,0.0,0.0,9.81
127,0.0,15.832097925844652,0.0,0.0,-0.048296643629670545,0.0,0.0,9.81
128,0.0,15.832097925844652,0.0,0.0,-0.03114200604857105,0.0,0.0,9.81
129,0.0,-51.13711183120731,0.0,0.0,-0.08252548189008448,0.0,0.0,9.81
130,0.0,-64.8252817458551,0.0,0.0,0.016866523344925718,0.0,0.0,9.81
131,0.0,-64.8252817458551,0.0,0.0,0.1655328354980167,0.0,0.0,9.81
132,0.0,-9.980147623134657,0.0,0.0,-0.0997188175239893,0.0,0.0,9.81
133,0.0,44.18039637699483,0.0,0.0,0.13338965522755525,0.0,0.0,9.81
134,0.0,44.18039637699483,0.0,0.0,0.06387952624487742,0.0,0.0,9.81
135,0.0,42.004036165944186,0.0,0.0,0.012688223574524664,0.0,0.0,9.81
136,0.0,-59.5728994404443,0.0,0.0,0.02622610598229328,0.0,0.0,9.81
137,0.0,-59.5728994404443,0.0,0.0,0.019968645776107203,0.0,0.0,9.81
138,0.0,-13.059949828768737,0.0,0.0,-0.09994968397137569,0.0,0.0,9.81
139,0.0,-13.059949828768737,0.0,0.0,0.0726340800724984,0.0,0.0,9.81
140,0.0,5.206622599631112,0.0,0.0,-0.04857783518824372,0.0,0.0,9.81
141,0.0,-59.05556694565422,0.0,0.0,0.08341341065187205,0.0,0.0,9.81
142,0.0,-59.05556694565422,0.0,0.0,0.058466444930065586,0.0,0.0,9.81
143,0.0,0.32307169739435465,0.0,0.0,0.03789757636798601,0.0,0.0,9.81
144,0.0,-0.1537573931058036,0.0,0.0,-0.10438943444887079,0.0,0.0,9.81
145,0.0,-0.1537573931058036,0.0,0.0,-0.05873506744802965,0.0,0.0,9.81
146,0.0,-39.08750559119681,0.0,0.0,0.02280998238976712,0.0,0.0,9.81
147,0.0,-23.37586591108424,0.0,0.0,0.13644601629472702,0.0,0.0,9.81
148,0.0,-23.37586591108424,0.0,0.0,-0.10748773539072733,0.0,0.0,9.81
149,0.0,-21.73256793372958,0.0,0.0,0.07896031009060152,0.0,0.0,9.81
150,0.0,-21.17033033599532,0.0,0.0,0.03251347446591333,0.0,0.0,9.81
151,0.0,-21.17033033599532,0.0,0.0,0.040393651689254656,0.0,0.0,9.81
152,0.0,-3.947856921603655,0.0,0.0,-0.09407631310727299,0.0,0.0,9.81
153,0.0,68.58039844640052,0.0,0.0,0.04839510746650783,0.0,0.0,9.81
154,0.0,68.58039844640052,0.0,0.0,-0.003219530582509082,0.0,0.0,9.81
155,0.0,46.74149154697769,0.0,0.0,0.06295238888472642,0.0,0.0,9.81
156,0.0,46.74149154697769,0.0,0.0,0.04539732939039136,0.0,0.0,9.81
157,0.0,-4.329359512515458,0.0,0.0,0.12029099705801366,0.0,0.0,9.81
158,0.0,-13.074413425044975,0.0,0.0,-0.016332749058949988,0.0,0.0,9.81
159,0.0,-13.074413425044975,0.0,0.0,-0.16036812210654938,0.0,0.0,9.81
160,0.0,42.03204923734328,0.0,0.0,-0.03610824899909025,0.0,0.0,9.81
161,0.0,-8.60736290390891,0.0,0.0,0.09296976336218556,0.0,0.0,9.81
162,0.0,-8.60736290390891,0.0,0.0,-0.021574717687409747,0.0,0.0,9.81
163,0.0,-36.261082468119895,0.0,0.0,0.07691573710899793,0.0,0.0,9.81
164,0.0,-66.86427719937268,0.0,0.0,0.0026862219468222217,0.0,0.0,9.81
165,0.0,-66.86427719937268,0.0,0.0,0.04321304017801781,0.0,0.0,9.81
166,0.0,20.831919603103415,0.0,0.0,0.012417938612409713,0.0,0.0,9.81
167,0.0,15.740331869423791,0.0,0.0,-0.15588229347423524,0.0,0.0,9.81
168,0.0,15.740331869423791,0.0,0.0,-0.005018646974426421,0.0,0.0,9.81
169,0.0,-0.06708146496649192,0.0,0.0,0.07554652577551875,0.0,0.0,9.81
170,0.0,35.90169148742797,0.0,0.0,-0.006818827334713175,0.0,0.0,9.81
171,0.0,35.90169148742797,0.0,0.0,0.10588953478573088,0.0,0.0,9.81
172,0.0,-56.03391647946385,0.0,0.0,-0.06066213874462926,0.0,0.0,9.81
173,0.0,63.01638627217522,0.0,0.0,-0.18020175404892164,0.0,0.0,9.81
174,0.0,63.01638627217522,0.0,0.0,-0.0015207200757268034,0.0,0.0,9.81
175,0.0,-12.256770090561801,0.0,0.0,0.07506245869048297,0.0,0.0,9.81
176,0.0,-12.256770090561801,0.0,0.0,0.06368255141083135,0.0,0.0,9.81
177,0.0,-24.0243962741814,0.0,0.0,0.018702764961098815,0.0,0.0,9.81
178,0.0,48.16428660270189,0.0,0.0,-0.03602344053979103,0.0,0.0,9.81
179,0.0,48.16428660270189,0.0,0.0,-0.013498714547229562,0.0,0.0,9.81
180,0.0,37.61028132653241,0.0,0.0,-0.0021925263489668266,0.0,0.0,9.81
181,0.0,-41.424705436908155,0.0,0.0,0.034289668086367325,0.0,0.0,9.81
182,0.0,-41.424705436908155,0.0,0.0,0.06594022917367691,0.0,0.0,9.81
183,0.0,-42.346672856538135,0.0,0.0,0.0861136976291003,0.0,0.0,9.81
184,0.0,-7.786045333402752,0.0,0.0,0.018673208257028357,0.0,0.0,9.81
185,0.0,15.673803106128442,0.0,0.0,0.0009362139549670026,0.0,0.0,9.81
186,0.0,15.673803106128442,0.0,0.0,0.000697718159697485,0.0,0.0,9.81
187,0.0,-1.779758283923296,0.0,0.0,0.08691794767196709,0.0,0.0,9.81
188,0.0,-27.252579044117695,0.0,0.0,-0.03875056306905852,0.0,0.0,9.81
189,0.0,-27.252579044117695,0.0,0.0,0.01579584292396024,0.0,0.0,9.81
190,0.0,10.616438535742532,0.0,0.0,0.07178283468588254,0.0,0.0,9.81
191,0.0,-37.15379271895777,0.0,0.0,-0.047530262932746134,0.0,0.0,9.81
192,0.0,-37.15379271895777,0.0,0.0,-0.09002215984190726,0.0,0.0,9.81
193,0.0,-4.713833676772816,0.0,0.0,-0.057674274177235765,0.0,0.0,9.81
194,0.0,14.168422164811101,0.0,0.0,-0.14314921896956748,0.0,0.0,9.81
195,0.0,14.168422164811101,0.0,0.0,0.0875623133922758,0.0,0.0,9.81
196,0.0,-3.1324571419877167,0.0,0.0,0.005406750593830612,0.0,0.0,9.81
197,0.0,-19.169029405322107,0.0,0.0,0.07013179260124543,0.0,0.0,9.81
198,0.0,-19.169029405322107,0.0,0.0,0.15658013719333622,0.0,0.0,9.81
199,0.0,-25.909389015355746,0.0,0.0,-0.0636750068155749,0.0,0.0,9.81
200,0.0,5.480377483846901,0.0,0.0,-0.08897906038985913,0.0,0.0,9.81
201,0.0,5.480377483846901,0.0,0.0,-0.020091166854819126,0.0,0.0,9.81
202,0.0,33.332545695827584,0.0,0.0,0.10366314301275319,0.0,0.0,9.81
203,0.0,33.332545695827584,0.0,0.0,-0.11633631161042957,0.0,0.0,9.81
204,0.0,-75.54305656033483,0.0,0.0,-0.0734582882380108,0.0,0.0,9.81
205,0.0,0.18169002930701156,0.0,0.0,0.0030032913555219807,0.0,0.0,9.81
206,0.0,0.18169002930701156,0.0,0.0,-0.03045763006040508,0.0,0.0,9.81
207,0.0,9.964021231169758,0.0,0.0,0.010073167066889347,0.0,0.0,9.81
208,0.0,-22.97071030378841,0.0,0.0,-0.06313259258364731,0.0,0.0,9.81
209,0.0,-22.97071030378841,0.0,0.0,0.021684916549586528,0.0,0.0,9.81
210,0.0,-21.576184739446205,0.0,0.0,0.07082419335736061,0.0,0.0,9.81
211,0.0,56.931070817598794,0.0,0.0,0.015378057822510324,0.0,0.0,9.81
212,0.0,56.931070817598794,0.0,0.0,-0.06252169358473146,0.0,0.0,9.81
213,0.0,57.878815875768886,0.0,0.0,0.035449241769113696,0.0,0.0,9.81
214,0.0,-13.453372043067883,0.0,0.0,0.06297268739477939,0.0,0.0,9.81
215,0.0,-13.453372043067883,0.0,0.0,-0.024264716635726002,0.0,0.0,9.81
216,0.0,-35.32041534696913,0.0,0.0,0.026705096428224034,0.0,0.0,9.81
217,0.0,-16.822280510872293,0.0,0.0,-0.05601752224032541,0.0,0.0,9.81
218,0.0,-16.822280510872293,0.0,0.0,-0.05645479181016203,0.0,0.0,9.81
219,0.0,38.30693266402006,0.0,0.0,0.0686139009070743,0.0,0.0,9.81
220,0.0,-27.56209962434044,0.0,0.0,0.07784498682691111,0.0,0.0,9.81
221,0.0,-27.56209962434044,0.0,0.0,-0.12213887360952837,0.0,0.0,9.81
222,0.0,-33.1675064583643,0.0,0.0,-0.029169386510604283,0.0,0.0,9.81
223,0.0,-108.07705620276569,0.0,0.0,0.07008277258053566,0.0,0.0,9.81
224,0.0,-108.07705620276569,0.0,0.0,-0.09491037502638633,0.0,0.0,9.81
225,0.0,-2.498009210015545,0.0,0.0,0.02956003367879442,0.0,0.0,9.81
226,0.0,-2.498009210015545,0.0,0.0,0.09799845874189471,0.0,0.0,9.81
227,0.0,12.543367903241949,0.0,0.0,-0.030673099158375537,0.0,0.0,9.81
228,0.0,15.549477017449258,0.0,0.0,0.05297550298062667,0.0,0.0,9.81
229,0.0,15.549477017449258,0.0,0.0,-0.008812087406176835,0.0,0.0,9.81
230,0.0,-23.73784218186291,0.0,0.0,-0.11132332161346092,0.0,0.0,9.81
231,0.0,21.957252971977304,0.0,0.0,-0.00086277034564217,0.0,0.0,9.81
232,0.0,21.957252971977304,0.0,0.0,-0.003867150985678013,0.0,0.0,9.81
233,0.0,80.60725723763346,0.0,0.0,-0.05097351263914361,0.0,0.0,9.81
234,0.0,51.1303454701696,0.0,0.0,-0.04534222327738935,0.0,0.0,9.81
235,0.0,51.1303454701696,0.0,0.0,-0.06994389769961737,0.0,0.0,9.81
236,0.0,43.29517324308691,0.0,0.0,0.028059276988845243,0.0,0.0,9.81
237,0.0,-57.059548467403225,0.0,0.0,-0.06487171982661018,0.0,0.0,9.81
238,0.0,-57.059548467403225,0.0,0.0,-0.025083412072867226,0.0,0.0,9.81
239,0.0,-67.65089052190132,0.0,0.0,0.004872124649860661,0.0,0.0,9.81
240,0.0,10.882803876836471,0.0,0.0,-0.0731046778234159,0.0,0.0,9.81
241,0.0,10.882803876836471,0.0,0.0,0.025137658087759755,0.0,0.0,9.81
242,0.0,-28.075140070026723,0.0,0.0,0.05973443885600253,0.0,0.0,9.81
243,0.0,-28.075140070026723,0.0,0.0,0.021331193196809175,0.0,0.0,9.81
244,0.0,-50.369691960051874,0.0,0.0,-0.023320797828408547,0.0,0.0,9.81
245,0.0,-46.71142250446782,0.0,0.0,-0.01135304153042083,0.0,0.0,9.81
246,0.0,-46.71142250446782,0.0,0.0,-0.03765924492617659,0.0,0.0,9.81
247,0.0,-41.25834157578863,0.0,0.0,0.06531187612769494,0.0,0.0,9.81
248,0.0,17.801182133566098,0.0,0.0,-0.055425491863743605,0.0,0.0,9.81
249,0.0,23.11280308919382,0.0,0.0,0.07952405626783993,0.0,0.0,9.81
250,0.0,23.11280308919382,0.0,0.0,-0.005012431017291298,0.0,0.0,9.81
251,0.0,65.32534179108909,0.0,0.0,0.02280369636332841,0.0,0.0,9.81
252,0.0,65.32534179108909,0.0,0.0,-0.0740278085651469,0.0,0.0,9.81
253,0.0,31.738482846844615,0.0,0.0,-0.0502248896218524,0.0,0.0,9.81
254,0.0,-17.872341889818326,0.0,0.0,-0.09635675666705112,0.0,0.0,9.81
255,0.0,-17.872341889818326,0.0,0.0,0.03604127377303708,0.0,0.0,9.81
256,0.0,43.92638384503164,0.0,0.0,-0.0660623168838923,0.0,0.0,9.81
257,0.0,14.823213746685656,0.0,0.0,0.051755380833436865,0.0,0.0,9.81
258,0.0,14.823213746685656,0.0,0.0,-0.04315667374659924,0.0,0.0,9.81
259,0.0,14.105853171308144,0.0,0.0,0.012790486851620457,0.0,0.0,9.81
260,0.0,53.41486133075066,0.0,0.0,0.055079766133157466,0.0,0.0,9.81
261,0.0,53.41486133075066,0.0,0.0,-0.05399286942005092,0.0,0.0,9.81
262,0.0,21.26718825397995,0.0,0.0,-0.05362109947666576,0.0,0.0,9.81
263,0.0,20.412533781349868,0.0,0.0,0.05176735859804658,0.0,0.0,9.81
264,0.0,20.412533781349868,0.0,0.0,-0.023221081497076988,0.0,0.0,9.81
265,0.0,52.09445598376524,0.0,0.0,0.039769287593032776,0.0,0.0,9.81
266,0.0,52.09445598376524,0.0,0.0,-0.15286402623352444,0.0,0.0,9.81
267,0.0,-13.90773520246834,0.0,0.0,0.12412706622973341,0.0,0.0,9.81
268,0.0,23.7388340008599,0.0,0.0,0.076435050870789,0.0,0.0,9.81
269,0.0,23.7388340008599,0.0,0.0,-0.019020966090729473,0.0,0.0,9.81
270,0.0,-13.550552945116264,0.0,0.0,-0.023194164870285635,0.0,0.0,9.81
271,0.0,3.8770111642547724,0.0,0.0,-0.047496826922517776,0.0,0.0,9.81
272,0.0,3.8770111642547724,0.0,0.0,-0.052634347617789935,0.0,0.0,9.81
273,0.0,-5.515630337162087,0.0,0.0,-0.01834869461499133,0.0,0.0,9.81
274,0.0,20.000266775584638,0.0,0.0,0.06193192445345182,0.0,0.0,9.81
275,0.0,20.000266775584638,0.0,0.0,-0.09668189819175428,0.0,0.0,9.81
276,0.0,-8.37551411605376,0.0,0.0,-0.17060177458543782,0.0,0.0,9.81
277,0.0,-20.548830025697306,0.0,0.0,-0.03302861043876463,0.0,0.0,9.81
278,0.0,-20.548830025697306,0.0,0.0,-0.002407479421023036,0.0,0.0,9.81
279,0.0,8.156312463198239,0.0,0.0,0.0895532268982123,0.0,0.0,9.81
280,0.0,6.5701012867386925,0.0,0.0,0.044403585038236285,0.0,0.0,9.81
281,0.0,6.5701012867386925,0.0,0.0,-0.12396478609764043,0.0,0.0,9.81
282,0.0,-27.113328938837405,0.0,0.0,-0.04118837522182107,0.0,0.0,9.81
283,0.0,56.096942116958836,0.0,0.0,0.15076339606275324,0.0,0.0,9.81
284,0.0,56.096942116958836,0.0,0.0,-0.04241254888161968,0.0,0.0,9.81
285,0.0,-30.208057632924216,0.0,0.0,-0.0791192336202109,0.0,0.0,9.81
286,0.0,-30.208057632924216,0.0,0.0,-0.07918728960532863,0.0,0.0,9.81
287,0.0,-48.09036875298554,0.0,0.0,-0.028616890945553062,0.0,0.0,9.81
288,0.0,-48.09036875298554,0.0,0.0,0.05774698943179751,0.0,0.0,9.81
289,0.0,-78.49378071169154,0.0,0.0,0.007888357919074876,0.0,0.0,9.81
290,0.0,-78.49378071169154,0.0,0.0,0.005214669799568338,0.0,0.0,9.81
291,0.0,36.5319705804269,0.0,0.0,-0.05501823276292949,0.0,0.0,9.81
292,0.0,36.5319705804269,0.0,0.0,-0.09484674913529874,0.0,0.0,9.81
293,0.0,45.37821506776345,0.0,0.0,0.06818686382899433,0.0,0.0,9.81
294,0.0,45.37821506776345,0.0,0.0,0.16616895822962782,0.0,0.0,9.81
295,0.0,0.01576532544909711,0.0,0.0,-0.045747766188166436,0.0,0.0,9.81
296,0.0,0.01576532544909711,0.0,0.0,-0.1696925670587772,0.0,0.0,9.81
297,0.0,72.94062357080469,0.0,0.0,0.04250879168686741,0.0,0.0,9.81
298,0.0,72.94062357080469,0.0,0.0,0.0002527651799509695,0.0,0.0,9.81
299,0.0,-47.77185085292736,0.0,0.0,0.037710731266551716,0.0,0.0,9.81
300,0.0,-47.77185085292736,0.0,0.0,-0.017123883755683147,0.0,0.0,9.81
301,0.0,-3.0087753770234658,0.0,0.0,-0.004903634655519322,0.0,0.0,9.81
302,0.0,-3.0087753770234658,0.0,0.0,0.06434861948692391,0.0,0.0,9.81
303,0.0,41.27684569391459,0.0,0.0,-0.09940910360880753,0.0,0.0,9.81
304,0.0,-2.3038670986001617,0.0,0.0,0.010799406162936113,0.0,0.0,9.81
305,0.0,-2.3038670986001617,0.0,0.0,-0.005591878650782892,0.0,0.0,9.81
306,0.0,-2.362747884533556,0.0,0.0,-0.05777958729703167,0.0,0.0,9.81
307,0.0,-2.362747884533556,0.0,0.0,0.05784174392619713,0.0,0.0,9.81
308,0.0,-45.04637990508105,0.0,0.0,-0.06975263823498878,0.0,0.0,9.81
309,0.0,-45.04637990508105,0.0,0.0,0.06662740120261812,0.0,0.0,9.81
310,0.0,-45.04637990508105,0.0,0.0,0.06574482718648206,0.0,0.0,9.81
311,0.0,44.012522740323924,0.0,0.0,0.0407700786523614,0.0,0.0,9.81
312,0.0,-46.42377850453628,0.0,0.0,0.11836207047416432,0.0,0.0,9.81
313,0.0,-46.42377850453628,0.0,0.0,0.04745261930189422,0.0,0.0,9.81
314,0.0,21.57839537237605,0.0,0.0,0.02051718860041116,0.0,0.0,9.81
315,0.0,21.57839537237605,0.0,0.0,-0.015299811148040313,0.0,0.0,9.81
316,0.0,26.595489693209345,0.0,0.0,-3.7843202927685984e-05,0.0,0.0,9.81
317,0.0,26.595489693209345,0.0,0.0,-0.1354852179601241,0.0,0.0,9.81
318,0.0,49.625687532837865,0.0,0.0,-0.13031891881949317,0.0,0.0,9.81
319,0.0,49.625687532837865,0.0,0.0,0.0010521376726345005,0.0,0.0,9.81
320,0.0,-32.91875394459852,0.0,0.0,-0.03322675660457124,0.0,0.0,9.81
321,0.0,-32.91875394459852,0.0,0.0,-0.049963354273820974,0.0,0.0,9.81
322,0.0,-25.80623975924201,0.0,0.0,-0.027202153769980527,0.0,0.0,9.81
323,0.0,-25.80623975924201,0.0,0.0,-0.018071337485968023,0.0,0.0,9.81
324,0.0,35.850597212256645,0.0,0.0,-0.15827433315635625,0.0,0.0,9.81
325,0.0,35.850597212256645,0.0,0.0,-0.0709862322367936,0.0,0.0,9.81
326,0.0,12.684768572633507,0.0,0.0,-0.11699709330817706,0.0,0.0,9.81
327,0.0,12.684768572633507,0.0,0.0,-0.03358268714006026,0.0,0.0,9.81
328,0.0,-10.890202418087622,0.0,0.0,-0.08647327998322503,0.0,0.0,9.81
329,0.0,-10.890202418087622,0.0,0.0,0.09497160186142102,0.0,0.0,9.81
330,0.0,-80.91788960584933,0.0,0.0,0.006585776261945004,0.0,0.0,9.81
331,0.0,17.240473814702323,0.0,0.0,-0.023442333011049456,0.0,0.0,9.81
332,0.0,17.240473814702323,0.0,0.0,-0.04647686237873309,0.0,0.0,9.81
333,0.0,75.0487846688256,0.0,0.0,0.07874336855419233,0.0,0.0,9.81
334,0.0,75.0487846688256,0.0,0.0,-0.15921834623740116,0.0,0.0,9.81
335,0.0,15.575854482339768,0.0,0.0,-0.08347408450473835,0.0,0.0,9.81
336,0.0,15.575854482339768,0.0,0.0,-0.05448851312342289,0.0,0.0,9.81
337,0.0,18.258973217768133,0.0,0.0,0.007555571649127036,0.0,0.0,9.81
338,0.0,18.258973217768133,0.0,0.0,-0.03823463513498055,0.0,0.0,9.81
339,0.0,-2.7398191595020656,0.0,0.0,-0.10675386317305278,0.0,0.0,9.81
340,0.0,-2.7398191595020656,0.0,0.0,-0.06694402116155211,0.0,0.0,9.81
341,0.0,-24.471468767558655,0.0,0.0,-0.03942903421797029,0.0,0.0,9.81
342,0.0,58.138892313233896,0.0,0.0,0.0791936729463485,0.0,0.0,9.81
343,0.0,58.138892313233896,0.0,0.0,0.05637659450573998,0.0,0.0,9.81
344,0.0,-11.08541904319888,0.0,0.0,-0.041805719337666004,0.0,0.0,9.81
345,0.0,-11.08541904319888,0.0,0.0,0.08241545085823072,0.0,0.0,9.81
346,0.0,-4.822823652123753,0.0,0.0,-0.054248191393488604,0.0,0.0,9.81
347,0.0,-4.822823652123753,0.0,0.0,0.0007529484562409337,0.0,0.0,9.81
348,0.0,-15.555234989482772,0.0,0.0,-0.0928373199463302,0.0,0.0,9.81
349,0.0,-15.555234989482772,0.0,0.0,0.07227892433938092,0.0,0.0,9.81
350,0.0,-10.938258985531736,0.0,0.0,0.07536550555891788,0.0,0.0,9.81
351,0.0,-10.938258985531736,0.0,0.0,0.043199525013974664,0.0,0.0,9.81
352,0.0,-94.78845505875346,0.0,0.0,0.03841098440834345,0.0,0.0,9.81
353,0.0,-94.78845505875346,0.0,0.0,0.09439370731376816,0.0,0.0,9.81
354,0.0,-87.2548424136926,0.0,0.0,-0.03824365935305681,0.0,0.0,9.81
355,0.0,-87.2548424136926,0.0,0.0,0.01194609836039274,0.0,0.0,9.81
356,0.0,41.80255911349677,0.0,0.0,0.08993178219358354,0.0,0.0,9.81
357,0.0,41.80255911349677,0.0,0.0,-0.07935035621245046,0.0,0.0,9.81
358,0.0,-14.708492271918727,0.0,0.0,0.12170719791577815,0.0,0.0,9.81
359,0.0,-14.708492271918727,0.0,0.0,-0.07190229026005036,0.0,0.0,9.81
360,0.0,-50.687195865399445,0.0,0.0,-0.01796230543177018,0.0,0.0,9.81
361,0.0,-74.57288984350497,0.0,0.0,-0.07262763118293401,0.0,0.0,9.81
362,0.0,-74.57288984350497,0.0,0.0,-0.08034033673541574,0.0,0.0,9.81
363,0.0,9.4592303904423,0.0,0.0,0.02437408313663466,0.0,0.0,9.81
364,0.0,9.4592303904423,0.0,0.0,-0.022594449338820394,0.0,0.0,9.81
365,0.0,9.251326291593385,0.0,0.0,-0.1039060496421284,0.0,0.0,9.81
366,0.0,9.251326291593385,0.0,0.0,-0.030277459566985538,0.0,0.0,9.81
367,0.0,-91.99776242059028,0.0,0.0,-0.08939197859930555,0.0,0.0,9.81
368,0.0,-91.99776242059028,0.0,0.0,-0.11137356248330953,0.0,0.0,9.81
369,0.0,-25.328405616785936,0.0,0.0,0.06560697130704977,0.0,0.0,9.81
370,0.0,-25.328405616785936,0.0,0.0,-0.13088676699782836,0.0,0.0,9.81
371,0.0,35.07092231458293,0.0,0.0,-0.02661594125134798,0.0,0.0,9.81
372,0.0,35.07092231458293,0.0,0.0,-0.11825414205650817,0.0,0.0,9.81
373,0.0,-35.395023766135296,0.0,0.0,0.04280576800188142,0.0,0.0,9.81
374,0.0,-35.395023766135296,0.0,0.0,-0.06273115588001815,0.0,0.0,9.81
375,0.0,-21.42541814852201,0.0,0.0,-0.044300191976600095,0.0,0.0,9.81
376,0.0,76.5002971394917,0.0,0.0,-0.008827208628670726,0.0,0.0,9.81
377,0.0,76.5002971394917,0.0,0.0,-0.078656959882954,0.0,0.0,9.81
378,0.0,-37.50786466722335,0.0,0.0,0.053143148220218976,0.0,0.0,9.81
379,0.0,-37.50786466722335,0.0,0.0,0.05844779430930103,0.0,0.0,9.81
380,0.0,-49.546262083611786,0.0,0.0,-0.03017068311971775,0.0,0.0,9.81
381,0.0,-49.546262083611786,0.0,0.0,-0.1304500725750787,0.0,0.0,9.81
382,0.0,-28.391950195198557,0.0,0.0,-0.08432722695760611,0.0,0.0,9.81
383,0.0,-28.391950195198557,0.0,0.0,-0.028990829179916296,0.0,0.0,9.81
384,0.0,48.07513797109398,0.0,0.0,0.041376234935522296,0.0,0.0,9.81
385,0.0,48.07513797109398,0.0,0.0,-0.10653955112564262,0.0,0.0,9.81
386,0.0,7.502121956193757,0.0,0.0,-0.0844528853307204,0.0,0.0,9.81
387,0.0,-47.255038192288104,0.0,0.0,0.05377612744044016,0.0,0.0,9.81
388,0.0,-47.255038192288104,0.0,0.0,0.08840817043414008,0.0,0.0,9.81
389,0.0,-8.876323658908428,0.0,0.0,0.12020949136108576,0.0,0.0,9.81
390,0.0,-8.876323658908428,0.0,0.0,-0.04805185506198903,0.0,0.0,9.81
391,0.0,0.37364032904997463,0.0,0.0,0.05333386830270316,0.0,0.0,9.81
392,0.0,0.37364032904997463,0.0,0.0,0.01127785936714585,0.0,0.0,9.81
393,0.0,-1.6761956122639663,0.0,0.0,-0.019062728612100153,0.0,0.0,9.81
394,0.0,-1.6761956122639663,0.0,0.0,0.019633913951238712,0.0,0.0,9.81
395,0.0,15.776493597644222,0.0,0.0,0.043627524195023415,0.0,0.0,9.81
396,0.0,-65.082346774304,0.0,0.0,-0.13675861732880318,0.0,0.0,9.81
397,0.0,-65.082346774304,0.0,0.0,0.0032923858204366467,0.0,0.0,9.81
398,0.0,28.456435323100347,0.0,0.0,0.05972688423821473,0.0,0.0,9.81
399,0.0,28.456435323100347,0.0,0.0,0.040737910405944024,0.0,0.0,9.81
400,0.0,3.2599185063037197,0.0,0.0,-0.023012070574190094,0.0,0.0,9.81
401,0.0,3.2599185063037197,0.0,0.0,-0.040061976815937976,0.0,0.0,9.81
402,0.0,-24.28997973461993,0.0,0.0,0.03654131067181116,0.0,0.0,9.81
403,0.0,-24.28997973461993,0.0,0.0,-0.1094872620413578,0.0,0.0,9.81
404,0.0,14.100836465427253,0.0,0.0,-0.03895141150294981,0.0,0.0,9.81
405,0.0,14.100836465427253,0.0,0.0,0.060312536608934784,0.0,0.0,9.81
406,0.0,-44.86372605548851,0.0,0.0,0.053735838219469936,0.0,0.0,9.81
407,0.0,43.59583354522349,0.0,0.0,0.021397045792350022,0.0,0.0,9.81
408,0.0,43.59583354522349,0.0,0.0,-0.0493813356742585,0.0,0.0,9.81
409,0.0,43.71297340842706,0.0,0.0,0.03251395593572799,0.0,0.0,9.81
410,0.0,43.71297340842706,0.0,0.0,0.006568162857464026,0.0,0.0,9.81
411,0.0,19.223185065918173,0.0,0.0,-0.11502656058283087,0.0,0.0,9.81
412,0.0,19.223185065918173,0.0,0.0,-0.005471171336501262,0.0,0.0,9.81
413,0.0,-8.73478790535488,0.0,0.0,-0.018777571688052625,0.0,0.0,9.81
414,0.0,-8.73478790535488,0.0,0.0,-0.015414978551115288,0.0,0.0,9.81
415,0.0,22.069788116954452,0.0,0.0,-0.022039163293568236,0.0,0.0,9.81
416,0.0,22.069788116954452,0.0,0.0,-0.18718563089321635,0.0,0.0,9.81
417,0.0,-78.08262950003748,0.0,0.0,-0.0036375317297379414,0.0,0.0,9.81
418,0.0,-78.08262950003748,0.0,0.0,-0.0363173568227629,0.0,0.0,9.81
419,0.0,-39.984996915991715,0.0,0.0,0.02971661243161792,0.0,0.0,9.81
420,0.0,-39.984996915991715,0.0,0.0,-0.014029968694116494,0.0,0.0,9.81
421,0.0,2.716144467530293,0.0,0.0,-0.07434666350233901,0.0,0.0,9.81
422,0.0,2.716144467530293,0.0,0.0,0.046464045868911355,0.0,0.0,9.81
423,0.0,-1.7334310197650415,0.0,0.0,0.04066441028855528,0.0,0.0,9.81
424,0.0,-1.7334310197650415,0.0,0.0,0.05513643627060496,0.0,0.0,9.81
425,0.0,-47.204203997316014,0.0,0.0,-0.1185822601440014,0.0,0.0,9.81
426,0.0,-27.17333333600373,0.0,0.0,0.017587651362208526,0.0,0.0,9.81
427,0.0,-27.17333333600373,0.0,0.0,0.0013413734080782573,0.0,0.0,9.81
428,0.0,-47.463792061192926,0.0,0.0,0.1269732434410985,0.0,0.0,9.81
429,0.0,-47.463792061192926,0.0,0.0,0.10506510322758082,0.0,0.0,9.81
430,0.0,-17.96322853263022,0.0,0.0,-0.0072670053450137875,0.0,0.0,9.81
431,0.0,-17.96322853263022,0.0,0.0,0.026488584663389735,0.0,0.0,9.81
432,0.0,0.7180138914753155,0.0,0.0,-0.18844304140597665,0.0,0.0,9.81
433,0.0,0.7180138914753155,0.0,0.0,0.13200149792850685,0.0,0.0,9.81
434,0.0,8.608994951026235,0.0,0.0,-0.01047613058480504,0.0,0.0,9.81
435,0.0,8.608994951026235,0.0,0.0,0.05738986158656542,0.0,0.0,9.81
436,0.0,56.261239903930615,0.0,0.0,-0.03370400315141478,0.0,0.0,9.81
437,0.0,56.261239903930615,0.0,0.0,-0.016038923486351612,0.0,0.0,9.81
438,0.0,18.50162378037692,0.0,0.0,-0.09822997355744675,0.0,0.0,9.81
439,0.0,18.50162378037692,0.0,0.0,-0.09511250266350825,0.0,0.0,9.81
440,0.0,-32.74320629921446,0.0,0.0,0.009700732915085207,0.0,0.0,9.81
441,0.0,-32.74320629921446,0.0,0.0,0.05928348300514607,0.0,0.0,9.81
442,0.0,-11.381691818502134,0.0,0.0,-0.09505984745857271,0.0,0.0,9.81
443,0.0,-26.58048453776472,0.0,0.0,-0.11216025322850248,0.0,0.0,9.81
444,0.0,-26.58048453776472,0.0,0.0,0.0908343197749891,0.0,0.0,9.81
445,0.0,-26.58048453776472,0.0,0.0,-0.024053708586881883,0.0,0.0,9.81
446,0.0,-44.35941284830476,0.0,0.0,0.028897723106158752,0.0,0.0,9.81
447,0.0,51.51863881663885,0.0,0.0,1.2473869556437101e-05,0.0,0.0,9.81
448,0.0,51.51863881663885,0.0,0.0,-0.09841773276257576,0.0,0.0,9.81
449,0.0,13.78928651083494,0.0,0.0,0.020879978328737,0.0,0.0,9.81
450,0.0,13.78928651083494,0.0,0.0,-0.043090059384779035,0.0,0.0,9.81
451,0.0,21.779912308303455,0.0,0.0,-0.04308672746075139,0.0,0.0,9.81
452,0.0,21.779912308303455,0.0,0.0,0.006323381415700922,0.0,0.0,9.81
453,0.0,-19.32891692062716,0.0,0.0,0.08723741662083252,0.0,0.0,9.81
454,0.0,-19.32891692062716,0.0,0.0,-0.09158650177951871,0.0,0.0,9.81
455,0.0,-5.43147576969534,0.0,0.0,-0.051414390314202245,0.0,0.0,9.81
456,0.0,-5.43147576969534,0.0,0.0,0.03237718343511084,0.0,0.0,9.81
457,0.0,-22.73466208863432,0.0,0.0,0.0025058113931389317,0.0,0.0,9.81
458,0.0,-22.73466208863432,0.0,0.0,0.21952993294418185,0.0,0.0,9.81
459,0.0,-60.76709635381016,0.0,0.0,-0.029847176909338573,0.0,0.0,9.81
460,0.0,-60.76709635381016,0.0,0.0,-0.004016900382678561,0.0,0.0,9.81
461,0.0,59.46479297253431,0.0,0.0,-0.10782520225696854,0.0,0.0,9.81
462,0.0,88.272207096602,0.0,0.0,-0.06536019734468085,0.0,0.0,9.81
463,0.0,88.272207096602,0.0,0.0,-0.06537722110170868,0.0,0.0,9.81
464,0.0,-81.69198106171274,0.0,0.0,0.028348348413014365,0.0,0.0,9.81
465,0.0,-81.69198106171274,0.0,0.0,-0.005337468806830427,0.0,0.0,9.81
466,0.0,-1.9692232283121633,0.0,0.0,0.006049985835081661,0.0,0.0,9.81
467,0.0,-1.9692232283121633,0.0,0.0,0.07481215810870483,0.0,0.0,9.81
468,0.0,-39.27494303847434,0.0,0.0,0.07556380128472305,0.0,0.0,9.81
469,0.0,-39.27494303847434,0.0,0.0,-0.14083332928880207,0.0,0.0,9.81
470,0.0,-63.91191902453819,0.0,0.0,0.07612565518465986,0.0,0.0,9.81
471,0.0,-63.91191902453819,0.0,0.0,-0.01302339399424398,0.0,0.0,9.81
472,0.0,6.132300152465641,0.0,0.0,-0.01240971455555424,0.0,0.0,9.81
473,0.0,6.132300152465641,0.0,0.0,0.005123740463147147,0.0,0.0,9.81
474,0.0,35.218432532453804,0.0,0.0,0.025753715214606464,0.0,0.0,9.81
475,0.0,35.218432532453804,0.0,0.0,-0.032170097693218776,0.0,0.0,9.81
476,0.0,30.856018319059068,0.0,0.0,-0.07044296342662584,0.0,0.0,9.81
477,0.0,30.856018319059068,0.0,0.0,-0.12732940638729914,0.0,0.0,9.81
478,0.0,-25.213546996836698,0.0,0.0,-0.09327148115824443,0.0,0.0,9.81
479,0.0,-25.213546996836698,0.0,0.0,0.08742623353752657,0.0,0.0,9.81
480,0.0,3.4231099011329142,0.0,0.0,-0.14848126070482487,0.0,0.0,9.81
481,0.0,3.4231099011329142,0.0,0.0,0.16658511491128383,0.0,0.0,9.81
482,0.0,72.3852840025174,0.0,0.0,-0.013471148248642897,0.0,0.0,9.81
483,0.0,40.25232932100777,0.0,0.0,0.07430012627925708,0.0,0.0,9.81
484,0.0,40.25232932100777,0.0,0.0,0.14389379213271353,0.0,0.0,9.81
485,0.0,-48.97927581957405,0.0,0.0,0.10402595005262807,0.0,0.0,9.81
486,0.0,-48.97927581957405,0.0,0.0,-0.05500575697885902,0.0,0.0,9.81
487,0.0,-36.862199216832195,0.0,0.0,-0.04874159996398187,0.0,0.0,9.81
488,0.0,-36.862199216832195,0.0,0.0,-0.09491421721796348,0.0,0.0,9.81
489,0.0,20.594442356999807,0.0,0.0,0.010407169142674057,0.0,0.0,9.81
490,0.0,20.594442356999807,0.0,0.0,-0.01736454391786978,0.0,0.0,9.81
491,0.0,17.147131930128925,0.0,0.0,0.12677532048083812,0.0,0.0,9.81
492,0.0,17.147131930128925,0.0,0.0,0.06674769091607276,0.0,0.0,9.81
493,0.0,-9.768197477401447,0.0,0.0,-0.03431272383147016,0.0,0.0,9.81
494,0.0,-9.768197477401447,0.0,0.0,0.04008363607026443,0.0,0.0,9.81
495,0.0,-44.6660769359778,0.0,0.0,-0.02496861657753533,0.0,0.0,9.81
496,0.0,-44.6660769359778,0.0,0.0,0.04516038143551788,0.0,0.0,9.81
497,0.0,-34.48621897048795,0.0,0.0,0.16723228366976126,0.0,0.0,9.81
498,0.0,-34.48621897048795,0.0,0.0,-0.008444960283640722,0.0,0.0,9.81
499,0.0,6.847435293377142,0.0,0.0,0.08757566852451133,0.0,0.0,9.81
500,0.0,-38.48625791101453,0.0,0.0,-0.05358598409579434,0.0,0.0,9.81
501,0.0,-38.48625791101453,0.0,0.0,-0.01090443999276286,0.0,0.0,9.81
502,0.0,41.17261746356052,0.0,0.0,0.0002115213244141378,0.0,0.0,9.81
503,0.0,41.17261746356052,0.0,0.0,0.03061082894091365,0.0,0.0,9.81
504,0.0,21.801057098022067,0.0,0.0,-0.0769165447990521,0.0,0.0,9.81
505,0.0,21.801057098022067,0.0,0.0,0.06293448844620754,0.0,0.0,9.81
506,0.0,-21.215260317115256,0.0,0.0,-0.08683049519521635,0.0,0.0,9.81
507,0.0,-21.215260317115256,0.0,0.0,-0.05757962254862079,0.0,0.0,9.81
508,0.0,-11.121999155428686,0.0,0.0,-0.11930652035729167,0.0,0.0,9.81
509,0.0,-11.121999155428686,0.0,0.0,0.013260093557972086,0.0,0.0,9.81
510,0.0,52.06031034978338,0.0,0.0,-0.10391588019578786,0.0,0.0,9.81
511,0.0,52.06031034978338,0.0,0.0,-0.005228444591846156,0.0,0.0,9.81
512,0.0,-26.47216984626597,0.0,0.0,-0.05466446228059285,0.0,0.0,9.81
513,0.0,-26.47216984626597,0.0,0.0,-0.024598940499965104,0.0,0.0,9.81
514,0.0,58.538366430893625,0.0,0.0,0.04214414552361962,0.0,0.0,9.81
515,0.0,58.538366430893625,0.0,0.0,0.11616575037936344,0.0,0.0,9.81
516,0.0,23.66197443356229,0.0,0.0,0.078276468200342,0.0,0.0,9.81
517,0.0,-12.200232647986873,0.0,0.0,-0.03364803359261019,0.0,0.0,9.81
518,0.0,-12.200232647986873,0.0,0.0,0.0194770642988271,0.0,0.0,9.81
519,0.0,1.1534571739522506,0.0,0.0,-0.02054881398652284,0.0,0.0,9.81
520,0.0,1.1534571739522506,0.0,0.0,0.04755931241640495,0.0,0.0,9.81
521,0.0,2.6189245244411725,0.0,0.0,0.011624219722585094,0.0,0.0,9.81
522,0.0,2.6189245244411725,0.0,0.0,-0.007742818977206454,0.0,0.0,9.81
523,0.0,-5.122173640377906,0.0,0.0,-0.10807374005771622,0.0,0.0,9.81
524,0.0,-5.122173640377906,0.0,0.0,-0.02793773795072388,0.0,0.0,9.81
525,0.0,19.177240175567142,0.0,0.0,-0.0476517587307219,0.0,0.0,9.81
526,0.0,19.177240175567142,0.0,0.0,-0.06256123388222311,0.0,0.0,9.81
527,0.0,30.84299006457786,0.0,0.0,0.055298739319694236,0.0,0.0,9.81
528,0.0,30.84299006457786,0.0,0.0,0.01200978894238815,0.0,0.0,9.81
529,0.0,-33.65488506448943,0.0,0.0,0.08733459137560359,0.0,0.0,9.81
530,0.0,-33.65488506448943,0.0,0.0,0.0237245398554682,0.0,0.0,9.81
531,0.0,-3.001137120389805,0.0,0.0,-0.11746974192111538,0.0,0.0,9.81
532,0.0,-3.001137120389805,0.0,0.0,-0.04255274633212461,0.0,0.0,9.81
533,0.0,39.83571666378217,0.0,0.0,-0.1002505465008583,0.0,0.0,9.81
534,0.0,39.83571666378217,0.0,0.0,0.07586350225454559,0.0,0.0,9.81
535,0.0,-36.1529789333609,0.0,0.0,-0.11598005865086762,0.0,0.0,9.81
536,0.0,-49.64188656679631,0.0,0.0,0.06809117503245465,0.0,0.0,9.81
537,0.0,-49.64188656679631,0.0,0.0,-0.009953842374157973,0.0,0.0,9.81
538,0.0,-49.64188656679631,0.0,0.0,0.013172681309976429,0.0,0.0,9.81
539,0.0,14.471242281312648,0.0,0.0,-0.05198031118896358,0.0,0.0,9.81
540,0.0,49.14609617750364,0.0,0.0,-0.02188059415995223,0.0,0.0,9.81
541,0.0,49.14609617750364,0.0,0.0,-0.05491411898554139,0.0,0.0,9.81
542,0.0,19.533915522047767,0.0,0.0,0.002043767420473992,0.0,0.0,9.81
543,0.0,19.533915522047767,0.0,0.0,0.07974666471448207,0.0,0.0,9.81
544,0.0,5.113914746128425,0.0,0.0,-0.04592159616251041,0.0,0.0,9.81
545,0.0,5.113914746128425,0.0,0.0,0.03294061726312155,0.0,0.0,9.81
546,0.0,-13.453662400314155,0.0,0.0,0.02117218968736938,0.0,0.0,9.81
547,0.0,-13.453662400314155,0.0,0.0,0.07967988680171988,0.0,0.0,9.81
548,0.0,24.883527582266485,0.0,0.0,0.024934203226695113,0.0,0.0,9.81
549,0.0,24.883527582266485,0.0,0.0,0.004473170932113375,0.0,0.0,9.81
550,0.0,-66.5614851701406,0.0,0.0,-0.034833029250883135,0.0,0.0,9.81
551,0.0,-66.5614851701406,0.0,0.0,-0.029975855519956993,0.0,0.0,9.81
552,0.0,7.518248550922394,0.0,0.0,-0.048288906664394636,0.0,0.0,9.81
553,0.0,5.222972207549117,0.0,0.0,0.09498613649104974,0.0,0.0,9.81
554,0.0,5.222972207549117,0.0,0.0,-0.046240785580544515,0.0,0.0,9.81
555,0.0,36.40227872347934,0.0,0.0,0.035679632372253606,0.0,0.0,9.81
556,0.0,36.40227872347934,0.0,0.0,-0.047380626831799735,0.0,0.0,9.81
557,0.0,-78.20314987529814,0.0,0.0,-0.1014800344491907,0.0,0.0,9.81
558,0.0,-78.20314987529814,0.0,0.0,0.04883799643727872,0.0,0.0,9.81
559,0.0,-14.383209225146796,0.0,0.0,0.07154296883108448,0.0,0.0,9.81
560,0.0,-65.76701790179371,0.0,0.0,-0.016018676569613546,0.0,0.0,9.81
561,0.0,-65.76701790179371,0.0,0.0,0.009083881136132699,0.0,0.0,9.81
562,0.0,62.313610837833465,0.0,0.0,-0.012964571129633187,0.0,0.0,9.81
563,0.0,62.313610837833465,0.0,0.0,0.11192289457359851,0.0,0.0,9.81
564,0.0,5.921517730775498,0.0,0.0,0.009060176484135318,0.0,0.0,9.81
565,0.0,-9.001877262465353,0.0,0.0,-0.05078891231276956,0.0,0.0,9.81
566,0.0,-9.001877262465353,0.0,0.0,-0.029917013442359936,0.0,0.0,9.81
567,0.0,-18.66474436134505,0.0,0.0,0.15686621132157758,0.0,0.0,9.81
568,0.0,-31.261229120165634,0.0,0.0,-0.04182168194269108,0.0,0.0,9.81
569,0.0,-31.261229120165634,0.0,0.0,0.0650857317683699,0.0,0.0,9.81
570,0.0,21.050080326879776,0.0,0.0,-0.019306650086769635,0.0,0.0,9.81
571,0.0,-15.40314271314608,0.0,0.0,0.054770356174589516,0.0,0.0,9.81
572,0.0,-15.40314271314608,0.0,0.0,-0.015712257329819308,0.0,0.0,9.81
573,0.0,-16.57686014123866,0.0,0.0,-0.06121490845673195,0.0,0.0,9.81
574,0.0,41.51246839717087,0.0,0.0,0.05967689004531578,0.0,0.0,9.81
575,0.0,41.51246839717087,0.0,0.0,-0.002374821857954311,0.0,0.0,9.81
576,0.0,-6.1539449691256225,0.0,0.0,-0.03868635053122665,0.0,0.0,9.81
577,0.0,8.490450375807887,0.0,0.0,0.06998684449182269,0.0,0.0,9.81
578,0.0,8.490450375807887,0.0,0.0,0.052025921987540254,0.0,0.0,9.81
579,0.0,14.179476621019496,0.0,0.0,-0.05421791711513008,0.0,0.0,9.81
580,0.0,-18.245361671303826,0.0,0.0,-0.040740886019800346,0.0,0.0,9.81
581,0.0,-18.245361671303826,0.0,0.0,0.10767130773285855,0.0,0.0,9.81
582,0.0,10.696956090653254,0.0,0.0,0.10220908668256619,0.0,0.0,9.81
583,0.0,56.36829335693401,0.0,0.0,0.0627393693000609,0.0,0.0,9.81
584,0.0,56.36829335693401,0.0,0.0,-0.014414541443233907,0.0,0.0,9.81
585,0.0,25.808278859853303,0.0,0.0,0.0118688563102141,0.0,0.0,9.81
586,0.0,25.808278859853303,0.0,0.0,0.012965647415641424,0.0,0.0,9.81
587,0.0,-22.20826937564,0.0,0.0,0.035879500566441465,0.0,0.0,9.81
588,0.0,25.061227850086713,0.0,0.0,0.10044852920592065,0.0,0.0,9.81
589,0.0,25.061227850086713,0.0,0.0,0.014791493532589581,0.0,0.0,9.81
590,0.0,-28.728948744244445,0.0,0.0,-0.028735516780739195,0.0,0.0,9.81
591,0.0,6.403133649604123,0.0,0.0,-0.06223190420521907,0.0,0.0,9.81
592,0.0,6.403133649604123,0.0,0.0,-0.0713169225627359,0.0,0.0,9.81
593,0.0,-49.0990018064819,0.0,0.0,0.03332591182263181,0.0,0.0,9.81
594,0.0,48.64803454938225,0.0,0.0,-0.009763804734010999,0.0,0.0,9.81
595,0.0,48.64803454938225,0.0,0.0,-0.08062670140379946,0.0,0.0,9.81
596,0.0,30.700063927858125,0.0,0.0,0.1538253441309603,0.0,0.0,9.81
597,0.0,-23.502819496016567,0.0,0.0,0.08851908325644277,0.0,0.0,9.81
598,0.0,-23.502819496016567,0.0,0.0,0.03469611566950628,0.0,0.0,9.81
599,0.0,-41.307100271116845,0.0,0.0,0.1003217282071455,0.0,0.0,9.81
600,0.0,-65.62945313632862,0.0,0.0,0.07918892612732831,0.0,0.0,9.81
601,0.0,-65.62945313632862,0.0,0.0,0.14023091836026544,0.0,0.0,9.81
602,0.0,33.58749735253733,0.0,0.0,0.06106642978035533,0.0,0.0,9.81
603,0.0,33.45915639337158,0.0,0.0,-0.1008656411294589,0.0,0.0,9.81
604,0.0,33.45915639337158,0.0,0.0,0.04839520456767463,0.0,0.0,9.81
605,0.0,-10.790424792920495,0.0,0.0,-0.04002439499247974,0.0,0.0,9.81
606,0.0,-30.448587383881705,0.0,0.0,-0.013777021986755138,0.0,0.0,9.81
607,0.0,-30.448587383881705,0.0,0.0,-0.18136429224374928,0.0,0.0,9.81
608,0.0,5.745856472277374,0.0,0.0,-0.06022435764440543,0.0,0.0,9.81
609,0.0,5.745856472277374,0.0,0.0,-0.0018544287589673826,0.0,0.0,9.81
610,0.0,-19.032484478931664,0.0,0.0,0.053786568088319976,0.0,0.0,9.81
611,0.0,45.482673667120636,0.0,0.0,-0.19809710868255628,0.0,0.0,9.81
612,0.0,45.482673667120636,0.0,0.0,-0.002781007625671374,0.0,0.0,9.81
613,0.0,-3.797727151013774,0.0,0.0,0.00158792210038906,0.0,0.0,9.81
614,0.0,1.9651392555541722,0.0,0.0,0.017611895125674237,0.0,0.0,9.81
615,0.0,1.9651392555541722,0.0,0.0,-0.005935085319880016,0.0,0.0,9.81
616,0.0,24.355655493919933,0.0,0.0,0.002046833380927529,0.0,0.0,9.81
617,0.0,-42.92492380339678,0.0,0.0,0.0015060901429308799,0.0,0.0,9.81
618,0.0,-42.92492380339678,0.0,0.0,-0.016900539165750537,0.0,0.0,9.81
619,0.0,73.25337625587068,0.0,0.0,-0.0015166435460775773,0.0,0.0,9.81
620,0.0,37.6798665558649,0.0,0.0,-0.03365155953910865,0.0,0.0,9.81
621,0.0,37.6798665558649,0.0,0.0,0.12293770943414399,0.0,0.0,9.81
622,0.0,76.63949317367698,0.0,0.0,-0.1491086669772943,0.0,0.0,9.81
623,0.0,-53.28958634624851,0.0,0.0,0.15544457776586254,0.0,0.0,9.81
624,0.0,-53.28958634624851,0.0,0.0,0.07472912632406853,0.0,0.0,9.81
625,0.0,-60.83321781336053,0.0,0.0,0.08518255834070554,0.0,0.0,9.81
626,0.0,-60.83321781336053,0.0,0.0,-0.11896044829457904,0.0,0.0,9.81
627,0.0,31.737367878365838,0.0,0.0,0.08891741255644554,0.0,0.0,9.81
628,0.0,20.383631327016463,0.0,0.0,0.076938054834108,0.0,0.0,9.81
629,0.0,20.383631327016463,0.0,0.0,0.02721879189218721,0.0,0.0,9.81
630,0.0,-8.795205779096207,0.0,0.0,0.04640032547376014,0.0,0.0,9.81
631,0.0,-8.531764617524434,0.0,0.0,-0.011331876247839347,0.0,0.0,9.81
632,0.0,-8.531764617524434,0.0,0.0,0.015614922822459904,0.0,0.0,9.81
633,0.0,-6.655934984045886,0.0,0.0,-0.10310512325349205,0.0,0.0,9.81
634,0.0,-0.07826161813736551,0.0,0.0,0.008808591665262301,0.0,0.0,9.81
635,0.0,-0.07826161813736551,0.0,0.0,0.10221219567220016,0.0,0.0,9.81
636,0.0,-42.05183755024369,0.0,0.0,0.028322969745847422,0.0,0.0,9.81
637,0.0,-35.85748720385481,0.0,0.0,-0.06741570528734124,0.0,0.0,9.81
638,0.0,-35.85748720385481,0.0,0.0,0.17720275520519657,0.0,0.0,9.81
639,0.0,-15.676139635235726,0.0,0.0,-0.04192800561846481,0.0,0.0,9.81
640,0.0,-21.484940766162346,0.0,0.0,-0.03662599076593199,0.0,0.0,9.81
641,0.0,-21.484940766162346,0.0,0.0,-0.08357374151273367,0.0,0.0,9.81
642,0.0,-0.5232242632376916,0.0,0.0,0.0076757646627115305,0.0,0.0,9.81
643,0.0,-7.230223891596475,0.0,0.0,0.08768143028859086,0.0,0.0,9.81
644,0.0,-7.230223891596475,0.0,0.0,0.12123798921955466,0.0,0.0,9.81
645,0.0,-12.268052138010558,0.0,0.0,-0.03818995419394571,0.0,0.0,9.81
646,0.0,-12.268052138010558,0.0,0.0,-0.02352320927317395,0.0,0.0,9.81
647,0.0,-13.933402031219558,0.0,0.0,-0.07089833792828636,0.0,0.0,9.81
648,0.0,-55.087101083745715,0.0,0.0,0.054406682590193906,0.0,0.0,9.81
649,0.0,-55.087101083745715,0.0,0.0,0.05141044689146481,0.0,0.0,9.81
650,0.0,16.82401979760424,0.0,0.0,-0.019577514772164902,0.0,0.0,9.81
651,0.0,28.819097089310887,0.0,0.0,0.020855294528697554,0.0,0.0,9.81
652,0.0,28.819097089310887,0.0,0.0,0.1346823364741232,0.0,0.0,9.81
653,0.0,-45.22197781571958,0.0,0.0,-0.14514031057470855,0.0,0.0,9.81
654,0.0,-89.97952965435019,0.0,0.0,-0.0058586200643157,0.0,0.0,9.81
655,0.0,-89.97952965435019,0.0,0.0,-0.014704008179825733,0.0,0.0,9.81
656,0.0,19.33520136910351,0.0,0.0,-0.09015398292483343,0.0,0.0,9.81
657,0.0,3.003728555088504,0.0,0.0,-0.045475090342008834,0.0,0.0,9.81
658,0.0,3.003728555088504,0.0,0.0,-0.011733737579014863,0.0,0.0,9.81
659,0.0,-38.93923715099677,0.0,0.0,-0.003644153966493684,0.0,0.0,9.81
660,0.0,-2.3793298544845505,0.0,0.0,-0.10894703884093906,0.0,0.0,9.81
661,0.0,-2.3793298544845505,0.0,0.0,-0.08471423870445295,0.0,0.0,9.81
662,0.0,33.288982948984945,0.0,0.0,0.032042998020928116,0.0,0.0,9.81
663,0.0,-44.75438444874848,0.0,0.0,0.008593084134056054,0.0,0.0,9.81
664,0.0,-44.75438444874848,0.0,0.0,-0.030032785044726108,0.0,0.0,9.81
665,0.0,5.419757047503879,0.0,0.0,0.1738410868189863,0.0,0.0,9.81
666,0.0,5.419757047503879,0.0,0.0,0.033959118679298315,0.0,0.0,9.81
667,0.0,-9.058986419691703,0.0,0.0,-0.06749877248054494,0.0,0.0,9.81
668,0.0,-36.45605933497948,0.0,0.0,-0.10302736120854677,0.0,0.0,9.81
669,0.0,-36.45605933497948,0.0,0.0,0.0640762400929764,0.0,0.0,9.81
670,0.0,-39.019930002510904,0.0,0.0,0.0281174894924602,0.0,0.0,9.81
671,0.0,28.783034019562017,0.0,0.0,-0.02008871685781889,0.0,0.0,9.81
672,0.0,28.783034019562017,0.0,0.0,0.022673699409176955,0.0,0.0,9.81
673,0.0,59.19463749264664,0.0,0.0,0.1343471599657597,0.0,0.0,9.81
674,0.0,11.514628798908591,0.0,0.0,-0.035465448721419185,0.0,0.0,9.81
675,0.0,11.514628798908591,0.0,0.0,0.1410607774678638,0.0,0.0,9.81
676,0.0,6.075910618049283,0.0,0.0,-0.05731901057964634,0.0,0.0,9.81
677,0.0,6.626625711409609,0.0,0.0,-0.22017620989480277,0.0,0.0,9.81
678,0.0,6.626625711409609,0.0,0.0,-0.01118207667625292,0.0,0.0,9.81
679,0.0,-24.756530643013818,0.0,0.0,0.03552659907971488,0.0,0.0,9.81
680,0.0,52.73506707031712,0.0,0.0,-0.033561741135870585,0.0,0.0,9.81
681,0.0,52.73506707031712,0.0,0.0,-0.03739358927097989,0.0,0.0,9.81
682,0.0,0.665942630984358,0.0,0.0,-0.045761879447659436,0.0,0.0,9.81
683,0.0,50.16974025091647,0.0,0.0,-0.10551312914456717,0.0,0.0,9.81
684,0.0,50.16974025091647,0.0,0.0,0.09351157601239815,0.0,0.0,9.81
685,0.0,-20.02904540364721,0.0,0.0,0.002327718701519647,0.0,0.0,9.81
686,0.0,-1.6556499300290657,0.0,0.0,-0.0555379047796313,0.0,0.0,9.81
687,0.0,-1.6556499300290657,0.0,0.0,-0.06856494512157782,0.0,0.0,9.81
688,0.0,80.1828093633798,0.0,0.0,0.1640622366414082,0.0,0.0,9.81
689,0.0,-26.92065692444756,0.0,0.0,-0.029063748971524882,0.0,0.0,9.81
690,0.0,-26.92065692444756,0.0,0.0,-0.05499530786436398,0.0,0.0,9.81
691,0.0,32.59579690837552,0.0,0.0,-0.045729323649433516,0.0,0.0,9.81
692,0.0,32.59579690837552,0.0,0.0,0.015393807054028362,0.0,0.0,9.81
693,0.0,-61.33064748218404,0.0,0.0,0.00813917790624812,0.0,0.0,9.81
694,0.0,-16.614627873235627,0.0,0.0,0.09012912856246534,0.0,0.0,9.81
695,0.0,-16.614627873235627,0.0,0.0,-0.21877708797816223,0.0,0.0,9.81
696,0.0,98.40404034331424,0.0,0.0,0.05309920715443674,0.0,0.0,9.81
697,0.0,-31.753849490087326,0.0,0.0,0.0026926052644766474,0.0,0.0,9.81
698,0.0,-31.753849490087326,0.0,0.0,0.027258962145205165,0.0,0.0,9.81
699,0.0,-32.513443243079756,0.0,0.0,-0.01752668866456629,0.0,0.0,9.81
700,0.0,-17.91601567574459,0.0,0.0,0.027603918818493386,0.0,0.0,9.81
701,0.0,-17.91601567574459,0.0,0.0,-0.00025796990117216574,0.0,0.0,9.81
702,0.0,15.759446151525836,0.0,0.0,0.04602900805860383,0.0,0.0,9.81
703,0.0,29.38001501585069,0.0,0.0,0.02005271022303351,0.0,0.0,9.81
704,0.0,29.38001501585069,0.0,0.0,0.03629441989169492,0.0,0.0,9.81
705,0.0,93.51278373872967,0.0,0.0,0.056140161186356924,0.0,0.0,9.81
706,0.0,39.88116144595139,0.0,0.0,0.07545801064730291,0.0,0.0,9.81
707,0.0,39.88116144595139,0.0,0.0,0.04152050895062496,0.0,0.0,9.81
708,0.0,-6.78134121665222,0.0,0.0,0.12509718047581372,0.0,0.0,9.81
709,0.0,-71.17937866363353,0.0,0.0,-0.02341132765933561,0.0,0.0,9.81
710,0.0,-71.17937866363353,0.0,0.0,-0.01925779882649228,0.0,0.0,9.81
711,0.0,-52.03000622195958,0.0,0.0,0.1351900891491145,0.0,0.0,9.81
712,0.0,0.7685357504435544,0.0,0.0,-0.005978111506147674,0.0,0.0,9.81
713,0.0,0.7685357504435544,0.0,0.0,0.0030460673571181865,0.0,0.0,9.81
714,0.0,-52.43961062069553,0.0,0.0,0.05777261852440256,0.0,0.0,9.81
715,0.0,44.22807288657409,0.0,0.0,0.04498575877124784,0.0,0.0,9.81
716,0.0,44.22807288657409,0.0,0.0,-0.06364529141002949,0.0,0.0,9.81
717,0.0,-36.69193146016682,0.0,0.0,0.03538833341948459,0.0,0.0,9.81
718,0.0,-17.52552078024271,0.0,0.0,-0.03966778337065171,0.0,0.0,9.81
719,0.0,-17.52552078024271,0.0,0.0,-0.0018183661535549232,0.0,0.0,9.81
720,0.0,15.80334807762252,0.0,0.0,0.003451884334494544,0.0,0.0,9.81
721,0.0,15.80334807762252,0.0,0.0,-0.045835311362766265,0.0,0.0,9.81
722,0.0,-16.333149191375526,0.0,0.0,-0.0959476403866495,0.0,0.0,9.81
723,0.0,-1.2703954605736143,0.0,0.0,0.0669568662155019,0.0,0.0,9.81
724,0.0,-1.2703954605736143,0.0,0.0,-0.04841375914251939,0.0,0.0,9.81
725,0.0,-32.692831190535145,0.0,0.0,-0.016298630539375795,0.0,0.0,9.81
726,0.0,-9.9429184137375,0.0,0.0,-0.1751248599471385,0.0,0.0,9.81
727,0.0,-9.9429184137375,0.0,0.0,0.06916708706257371,0.0,0.0,9.81
728,0.0,8.596169709853523,0.0,0.0,-0.048947486880516033,0.0,0.0,9.81
729,0.0,18.367567921023934,0.0,0.0,-0.011059723943944126,0.0,0.0,9.81
730,0.0,18.367567921023934,0.0,0.0,-0.013836247422657754,0.0,0.0,9.81
731,0.0,53.100456779074975,0.0,0.0,-0.018510200323654063,0.0,0.0,9.81
732,0.0,-77.88814428974412,0.0,0.0,0.09578902642595692,0.0,0.0,9.81
733,0.0,-77.88814428974412,0.0,0.0,0.03993905778522951,0.0,0.0,9.81
734,0.0,61.519424233378615,0.0,0.0,0.019494158669479022,0.0,0.0,9.81
735,0.0,16.9931049589594,0.0,0.0,-0.09385646966331686,0.0,0.0,9.81
736,0.0,16.9931049589594,0.0,0.0,0.08803757646515314,0.0,0.0,9.81
737,0.0,-30.748770488056365,0.0,0.0,0.00973394041275109,0.0,0.0,9.81
738,0.0,-30.748770488056365,0.0,0.0,0.053687494544278756,0.0,0.0,9.81
739,0.0,91.08331362702629,0.0,0.0,-0.15041511709584718,0.0,0.0,9.81
740,0.0,91.08331362702629,0.0,0.0,0.053652857629430395,0.0,0.0,9.81
741,0.0,-52.972485550606294,0.0,0.0,-0.0012332932887779502,0.0,0.0,9.81
742,0.0,-52.972485550606294,0.0,0.0,0.008456378738837741,0.0,0.0,9.81
743,0.0,26.51854519144095,0.0,0.0,-0.01131465895719846,0.0,0.0,9.81
744,0.0,26.51854519144095,0.0,0.0,0.14206469083620496,0.0,0.0,9.81
745,0.0,-14.996493934534868,0.0,0.0,0.0502448788349352,0.0,0.0,9.81
746,0.0,-14.996493934534868,0.0,0.0,-0.025124792725360275,0.0,0.0,9.81
747,0.0,-26.45189724703545,0.0,0.0,0.01077730546084734,0.0,0.0,9.81
748,0.0,-26.45189724703545,0.0,0.0,0.09192057714923435,0.0,0.0,9.81
749,0.0,8.868410810418842,0.0,0.0,-0.08801654204500063,0.0,0.0,9.81
750,0.0,8.868410810418842,0.0,0.0,0.031522607834950145,0.0,0.0,9.81
751,0.0,-20.26097433917508,0.0,0.0,-0.015112230452047822,0.0,0.0,9.81
752,0.0,-20.26097433917508,0.0,0.0,-0.10465150142179393,0.0,0.0,9.81
753,0.0,64.05302460918907,0.0,0.0,-0.04104430934950772,0.0,0.0,9.81
754,0.0,64.05302460918907,0.0,0.0,-0.032906025630767215,0.0,0.0,9.81
755,0.0,-28.558894313127812,0.0,0.0,0.11141704451352034,0.0,0.0,9.81
756,0.0,-28.558894313127812,0.0,0.0,0.0625950561451184,0.0,0.0,9.81
757,0.0,46.66028116644037,0.0,0.0,0.07941320097994686,0.0,0.0,9.81
758,0.0,46.66028116644037,0.0,0.0,0.10721596224703529,0.0,0.0,9.81
759,0.0,8.008296542607276,0.0,0.0,-0.013950190521534572,0.0,0.0,9.81
760,0.0,8.008296542607276,0.0,0.0,0.12045330075220921,0.0,0.0,9.81
761,0.0,-27.75507889197398,0.0,0.0,-0.0410980539814918,0.0,0.0,9.81
762,0.0,45.594629637299036,0.0,0.0,0.0826606955429499,0.0,0.0,9.81
763,0.0,45.594629637299036,0.0,0.0,0.019395670590462346,0.0,0.0,9.81
764,0.0,-35.69599842483566,0.0,0.0,0.08430034368295923,0.0,0.0,9.81
765,0.0,-35.69599842483566,0.0,0.0,0.11803011609294678,0.0,0.0,9.81
766,0.0,9.132103735777864,0.0,0.0,-0.037766589072283405,0.0,0.0,9.81
767,0.0,9.132103735777864,0.0,0.0,0.05174774299998629,0.0,0.0,9.81
768,0.0,33.33056722695231,0.0,0.0,-0.10931478667165297,0.0,0.0,9.81
769,0.0,33.33056722695231,0.0,0.0,0.04680006631920936,0.0,0.0,9.81
770,0.0,11.406319204881969,0.0,0.0,-0.037284960602581456,0.0,0.0,9.81
771,0.0,11.406319204881969,0.0,0.0,-0.030219284116146848,0.0,0.0,9.81
772,0.0,-19.167765739700744,0.0,0.0,-0.0043959942560423465,0.0,0.0,9.81
773,0.0,-19.167765739700744,0.0,0.0,0.17340658054904365,0.0,0.0,9.81
774,0.0,-21.137646183998907,0.0,0.0,-0.012554869895415113,0.0,0.0,9.81
775,0.0,-21.137646183998907,0.0,0.0,0.02011468050760153,0.0,0.0,9.81
776,0.0,-30.40336085882491,0.0,0.0,-0.13953347767882257,0.0,0.0,9.81
777,0.0,-30.40336085882491,0.0,0.0,-0.037212393121096685,0.0,0.0,9.81
778,0.0,94.44004509260343,0.0,0.0,0.053287498093263365,0.0,0.0,9.81
779,0.0,94.44004509260343,0.0,0.0,-0.1429064312462704,0.0,0.0,9.81
780,0.0,30.305577150020035,0.0,0.0,0.0487075094446564,0.0,0.0,9.81
781,0.0,30.305577150020035,0.0,0.0,0.06950242482095652,0.0,0.0,9.81
782,0.0,-19.78586218957041,0.0,0.0,-0.1773943464208483,0.0,0.0,9.81
783,0.0,-19.78586218957041,0.0,0.0,0.05341998272742496,0.0,0.0,9.81
784,0.0,1.947998624737413,0.0,0.0,0.05494533930544385,0.0,0.0,9.81
785,0.0,-2.7878001413891607,0.0,0.0,0.0738053626248901,0.0,0.0,9.81
786,0.0,-2.7878001413891607,0.0,0.0,0.040828083022590125,0.0,0.0,9.81
787,0.0,-27.65169048460033,0.0,0.0,0.03963142548412654,0.0,0.0,9.81
788,0.0,-27.65169048460033,0.0,0.0,-0.042114971855727816,0.0,0.0,9.81
789,0.0,47.032134431774224,0.0,0.0,0.07770430644013739,0.0,0.0,9.81
790,0.0,47.032134431774224,0.0,0.0,-0.09549373859031714,0.0,0.0,9.81
791,0.0,-29.404831881245162,0.0,0.0,0.1262809374587512,0.0,0.0,9.81
792,0.0,-29.404831881245162,0.0,0.0,-0.05348551529235874,0.0,0.0,9.81
793,0.0,-37.58157934943832,0.0,0.0,0.013038111532249317,0.0,0.0,9.81
794,0.0,-37.58157934943832,0.0,0.0,0.08594412227703511,0.0,0.0,9.81
795,0.0,36.97850444378822,0.0,0.0,0.09189880127861227,0.0,0.0,9.81
796,0.0,36.97850444378822,0.0,0.0,0.04994515567997134,0.0,0.0,9.81
797,0.0,14.067856832852739,0.0,0.0,-0.016845958200628293,0.0,0.0,9.81
798,0.0,14.067856832852739,0.0,0.0,-0.027746534563133696,0.0,0.0,9.81
799,0.0,-16.879354813151284,0.0,0.0,-0.049557973698849234,0.0,0.0,9.81
800,0.0,-16.879354813151284,0.0,0.0,0.003184409316760461,0.0,0.0,9.81
801,0.0,42.26933346767289,0.0,0.0,0.07836913935512056,0.0,0.0,9.81
802,0.0,20.052822379860693,0.0,0.0,0.037332965984107354,0.0,0.0,9.81
803,0.0,20.052822379860693,0.0,0.0,0.03620750473963961,0.0,0.0,9.81
804,0.0,-41.39880919893626,0.0,0.0,0.030278551404480405,0.0,0.0,9.81
805,0.0,-41.39880919893626,0.0,0.0,-0.0024596124685283757,0.0,0.0,9.81
806,0.0,-2.9828852972278943,0.0,0.0,0.037427315579053065,0.0,0.0,9.81
807,0.0,-2.9828852972278943,0.0,0.0,0.0004673562466545395,0.0,0.0,9.81
808,0.0,-7.839018708436348,0.0,0.0,0.15155737652204732,0.0,0.0,9.81
809,0.0,-7.839018708436348,0.0,0.0,-0.0015032017068723911,0.0,0.0,9.81
810,0.0,-16.323662710533846,0.0,0.0,0.05102368116236206,0.0,0.0,9.81
811,0.0,-16.323662710533846,0.0,0.0,0.051408378625180995,0.0,0.0,9.81
812,0.0,33.2105801217981,0.0,0.0,0.02689616690377312,0.0,0.0,9.81
813,0.0,33.2105801217981,0.0,0.0,-0.11960966421075292,0.0,0.0,9.81
814,0.0,7.707063943667891,0.0,0.0,0.15926239456458444,0.0,0.0,9.81
815,0.0,7.707063943667891,0.0,0.0,-0.1336536938678727,0.0,0.0,9.81
816,0.0,-12.850737041879887,0.0,0.0,0.048365998465854036,0.0,0.0,9.81
817,0.0,-12.850737041879887,0.0,0.0,-0.04148851131915973,0.0,0.0,9.81
818,0.0,37.447348000494834,0.0,0.0,-0.021861995554315276,0.0,0.0,9.81
819,0.0,37.447348000494834,0.0,0.0,-0.06251137990678453,0.0,0.0,9.81
820,0.0,5.506528150390402,0.0,0.0,-0.0029825217798474467,0.0,0.0,9.81
821,0.0,5.506528150390402,0.0,0.0,-0.11610651015562151,0.0,0.0,9.81
822,0.0,0.015142248647525816,0.0,0.0,-0.0403052497094562,0.0,0.0,9.81
823,0.0,0.015142248647525816,0.0,0.0,-0.029717197414446724,0.0,0.0,9.81
824,0.0,3.7807304390394685,0.0,0.0,0.021207743576717883,0.0,0.0,9.81
825,0.0,3.7807304390394685,0.0,0.0,-0.06619673202871076,0.0,0.0,9.81
826,0.0,13.346774127484725,0.0,0.0,0.035782934670213776,0.0,0.0,9.81
827,0.0,13.346774127484725,0.0,0.0,0.052661931093619344,0.0,0.0,9.81
828,0.0,13.015763021159614,0.0,0.0,0.07198953697053266,0.0,0.0,9.81
829,0.0,-51.486520855801764,0.0,0.0,-0.018030715564267833,0.0,0.0,9.81
830,0.0,-51.486520855801764,0.0,0.0,-0.017157015405430326,0.0,0.0,9.81
831,0.0,-12.437048391304621,0.0,0.0,-0.12235218186152723,0.0,0.0,9.81
832,0.0,-12.437048391304621,0.0,0.0,-0.049731763906403804,0.0,0.0,9.81
833,0.0,-63.02913223156628,0.0,0.0,0.08021244302695478,0.0,0.0,9.81
834,0.0,-63.02913223156628,0.0,0.0,-0.04842594922089589,0.0,0.0,9.81
835,0.0,-15.87103081455034,0.0,0.0,-0.024482840250390627,0.0,0.0,9.81
836,0.0,-15.87103081455034,0.0,0.0,0.020183546460866602,0.0,0.0,9.81
837,0.0,17.49244236336871,0.0,0.0,0.02545862318669336,0.0,0.0,9.81
838,0.0,17.49244236336871,0.0,0.0,0.012453725390204227,0.0,0.0,9.81
839,0.0,-8.577817456989374,0.0,0.0,-0.12088775681199958,0.0,0.0,9.81
840,0.0,-8.577817456989374,0.0,0.0,-0.04731530790806054,0.0,0.0,9.81
841,0.0,-9.92702139425576,0.0,0.0,0.05993502607472078,0.0,0.0,9.81
842,0.0,-9.92702139425576,0.0,0.0,0.1037675578227479,0.0,0.0,9.81
843,0.0,-17.221526336189463,0.0,0.0,0.016393768490237586,0.0,0.0,9.81
844,0.0,-17.221526336189463,0.0,0.0,-0.04017948221503542,0.0,0.0,9.81
845,0.0,7.445736506735633,0.0,0.0,-0.03027885939455087,0.0,0.0,9.81
846,0.0,7.445736506735633,0.0,0.0,-0.05301351182506,0.0,0.0,9.81
847,0.0,-7.348628759419917,0.0,0.0,0.004970006915547418,0.0,0.0,9.81
848,0.0,-7.348628759419917,0.0,0.0,0.04041977508628686,0.0,0.0,9.81
849,0.0,-53.96878243783055,0.0,0.0,0.009221761708959596,0.0,0.0,9.81
850,0.0,-53.96878243783055,0.0,0.0,-0.004966568394019205,0.0,0.0,9.81
851,0.0,36.46606536999735,0.0,0.0,0.11318919396099057,0.0,0.0,9.81
852,0.0,63.289126783705456,0.0,0.0,-0.0029488617004433016,0.0,0.0,9.81
853,0.0,63.289126783705456,0.0,0.0,0.05057925762446084,0.0,0.0,9.81
854,0.0,-16.027516281137757,0.0,0.0,-0.059156392970026096,0.0,0.0,9.81
855,0.0,-16.027516281137757,0.0,0.0,0.009714296649227017,0.0,0.0,9.81
856,0.0,30.902865384872282,0.0,0.0,-0.056055436495311396,0.0,0.0,9.81
857,0.0,30.902865384872282,0.0,0.0,0.1578606553392781,0.0,0.0,9.81
858,0.0,-30.823313557779677,0.0,0.0,-0.01949099353813014,0.0,0.0,9.81
859,0.0,-30.823313557779677,0.0,0.0,0.036480764964925326,0.0,0.0,9.81
860,0.0,-40.76972096647853,0.0,0.0,0.08792153318762973,0.0,0.0,9.81
861,0.0,-40.76972096647853,0.0,0.0,-0.0690313502680999,0.0,0.0,9.81
862,0.0,-37.505961621502514,0.0,0.0,-0.10568148479559897,0.0,0.0,9.81
863,0.0,-37.505961621502514,0.0,0.0,-0.0969646513080989,0.0,0.0,9.81
864,0.0,-8.049315555960563,0.0,0.0,0.030741529731518755,0.0,0.0,9.81
865,0.0,-8.049315555960563,0.0,0.0,-0.04727802991603052,0.0,0.0,9.81
866,0.0,-47.61639659625425,0.0,0.0,-0.06678768731591615,0.0,0.0,9.81
867,0.0,-47.61639659625425,0.0,0.0,0.013724943537007865,0.0,0.0,9.81
868,0.0,28.841437110179907,0.0,0.0,0.023403167198276877,0.0,0.0,9.81
869,0.0,28.841437110179907,0.0,0.0,-0.015825131037376827,0.0,0.0,9.81
870,0.0,-64.9585428723723,0.0,0.0,-0.1516405529645263,0.0,0.0,9.81
871,0.0,-64.9585428723723,0.0,0.0,-0.09862600981107691,0.0,0.0,9.81
872,0.0,18.330285871840015,0.0,0.0,-0.09984587174049468,0.0,0.0,9.81
873,0.0,18.330285871840015,0.0,0.0,0.0689323074747584,0.0,0.0,9.81
874,0.0,48.227487485652965,0.0,0.0,-0.022668055622705012,0.0,0.0,9.81
875,0.0,48.227487485652965,0.0,0.0,0.048016188761801706,0.0,0.0,9.81
876,0.0,-35.10264665916109,0.0,0.0,0.10038620518084058,0.0,0.0,9.81
877,0.0,-35.10264665916109,0.0,0.0,0.1303861542631892,0.0,0.0,9.81
878,0.0,1.2497401846131981,0.0,0.0,-0.04427679199044673,0.0,0.0,9.81
879,0.0,1.2497401846131981,0.0,0.0,0.0801694370257681,0.0,0.0,9.81
880,0.0,-9.309913779779118,0.0,0.0,-0.09597452092928624,0.0,0.0,9.81
881,0.0,-22.44163293525466,0.0,0.0,-0.003438492723522469,0.0,0.0,9.81
882,0.0,-22.44163293525466,0.0,0.0,0.002005090898057542,0.0,0.0,9.81
883,0.0,30.034095425437194,0.0,0.0,-0.1596100077813302,0.0,0.0,9.81
884,0.0,30.034095425437194,0.0,0.0,-0.0160905980136832,0.0,0.0,9.81
885,0.0,-19.774959290625922,0.0,0.0,-0.09651341501665145,0.0,0.0,9.81
886,0.0,-19.774959290625922,0.0,0.0,0.04063279663284868,0.0,0.0,9.81
887,0.0,34.135200633598394,0.0,0.0,-0.06909701229050925,0.0,0.0,9.81
888,0.0,34.135200633598394,0.0,0.0,0.07187503057034746,0.0,0.0,9.81
889,0.0,-17.844365502233007,0.0,0.0,0.009209344828194726,0.0,0.0,9.81
890,0.0,-17.844365502233007,0.0,0.0,-0.1005184858359268,0.0,0.0,9.81
891,0.0,22.220655733031737,0.0,0.0,-0.03910112339471834,0.0,0.0,9.81
892,0.0,22.220655733031737,0.0,0.0,0.014151717153225283,0.0,0.0,9.81
893,0.0,10.15758710602262,0.0,0.0,0.08612793372727205,0.0,0.0,9.81
894,0.0,-83.81623968351236,0.0,0.0,0.017527398490574997,0.0,0.0,9.81
895,0.0,-83.81623968351236,0.0,0.0,-0.09336515203621437,0.0,0.0,9.81
896,0.0,17.250814039776074,0.0,0.0,0.003739605070242957,0.0,0.0,9.81
897,0.0,17.250814039776074,0.0,0.0,-0.10626976495454163,0.0,0.0,9.81
898,0.0,-38.94710815995418,0.0,0.0,-0.17067964727059248,0.0,0.0,9.81
899,0.0,-38.94710815995418,0.0,0.0,0.17192445371848972,0.0,0.0,9.81
900,0.0,47.47100578953206,0.0,0.0,-0.04628949980781273,0.0,0.0,9.81
901,0.0,47.47100578953206,0.0,0.0,-0.10245593818020457,0.0,0.0,9.81
902,0.0,-104.8213685563793,0.0,0.0,0.10602843584511293,0.0,0.0,9.81
903,0.0,-104.8213685563793,0.0,0.0,-0.06603185200016139,0.0,0.0,9.81
904,0.0,15.086954402066855,0.0,0.0,0.08779363887851979,0.0,0.0,9.81
905,0.0,15.086954402066855,0.0,0.0,0.09894040113148994,0.0,0.0,9.81
906,0.0,3.611364712658703,0.0,0.0,0.1826290601971823,0.0,0.0,9.81
907,0.0,3.611364712658703,0.0,0.0,-0.04931362830868643,0.0,0.0,9.81
908,0.0,28.571595538615178,0.0,0.0,-0.09521710579298526,0.0,0.0,9.81
909,0.0,28.571595538615178,0.0,0.0,-0.0012785803690925459,0.0,0.0,9.81
910,0.0,63.809160332158285,0.0,0.0,-0.05735012429836091,0.0,0.0,9.81
911,0.0,63.809160332158285,0.0,0.0,0.04313290411260506,0.0,0.0,9.81
912,0.0,-70.0060906338332,0.0,0.0,-0.04157056386544487,0.0,0.0,9.81
913,0.0,-70.0060906338332,0.0,0.0,0.07592887095917307,0.0,0.0,9.81
914,0.0,51.375735913364245,0.0,0.0,-0.06501558749593274,0.0,0.0,9.81
915,0.0,-90.37678215477722,0.0,0.0,0.10483243789290216,0.0,0.0,9.81
916,0.0,-90.37678215477722,0.0,0.0,-0.00684875273495877,0.0,0.0,9.81
917,0.0,-37.79337642172907,0.0,0.0,-0.10516643584459227,0.0,0.0,9.81
918,0.0,-37.79337642172907,0.0,0.0,-0.020409760780378147,0.0,0.0,9.81
919,0.0,-42.3890663725077,0.0,0.0,-0.11740246892117367,0.0,0.0,9.81
920,0.0,-42.3890663725077,0.0,0.0,-0.18150809987702488,0.0,0.0,9.81
921,0.0,-6.1512440386411145,0.0,0.0,-0.07856209330188667,0.0,0.0,9.81
922,0.0,-6.1512440386411145,0.0,0.0,0.0903606994832186,0.0,0.0,9.81
923,0.0,-16.4650961740951,0.0,0.0,-0.06487305742571586,0.0,0.0,9.81
924,0.0,-16.4650961740951,0.0,0.0,0.05654716471379833,0.0,0.0,9.81
925,0.0,99.06437427660714,0.0,0.0,0.05896877027267277,0.0,0.0,9.81
926,0.0,99.06437427660714,0.0,0.0,-0.014292267479639666,0.0,0.0,9.81
927,0.0,-58.75300736162523,0.0,0.0,0.17620856774552507,0.0,0.0,9.81
928,0.0,-58.75300736162523,0.0,0.0,0.03623515327949102,0.0,0.0,9.81
929,0.0,61.7510081522753,0.0,0.0,0.13626804978449308,0.0,0.0,9.81
930,0.0,61.7510081522753,0.0,0.0,0.0523075999446797,0.0,0.0,9.81
931,0.0,28.50825247596471,0.0,0.0,0.0033192100260193026,0.0,0.0,9.81
932,0.0,8.81144091082761,0.0,0.0,-0.0366575352383025,0.0,0.0,9.81
933,0.0,8.81144091082761,0.0,0.0,-0.01832832124387374,0.0,0.0,9.81
934,0.0,24.97558947737069,0.0,0.0,-0.03579157907154993,0.0,0.0,9.81
935,0.0,24.97558947737069,0.0,0.0,0.02814217584723539,0.0,0.0,9.81
936,0.0,-70.21890382408972,0.0,0.0,0.0009009540212761422,0.0,0.0,9.81
937,0.0,-70.21890382408972,0.0,0.0,-0.13367036667642967,0.0,0.0,9.81
938,0.0,-51.963076838281644,0.0,0.0,0.004891381575883701,0.0,0.0,9.81
939,0.0,-51.963076838281644,0.0,0.0,0.13933773218425896,0.0,0.0,9.81
940,0.0,-24.953240948196637,0.0,0.0,0.06090845465117851,0.0,0.0,9.81
941,0.0,-24.953240948196637,0.0,0.0,0.17882911693384607,0.0,0.0,9.81
942,0.0,9.377013059668611,0.0,0.0,0.050505653162678424,0.0,0.0,9.81
943,0.0,9.377013059668611,0.0,0.0,0.07417147328419729,0.0,0.0,9.81
944,0.0,26.93012479860876,0.0,0.0,-0.07361516872797547,0.0,0.0,9.81
945,0.0,26.93012479860876,0.0,0.0,0.051627197542272796,0.0,0.0,9.81
946,0.0,46.16702429317132,0.0,0.0,-0.053291910282778944,0.0,0.0,9.81
947,0.0,46.16702429317132,0.0,0.0,-0.010089865913622226,0.0,0.0,9.81
948,0.0,45.96638361392473,0.0,0.0,-0.101386842937929,0.0,0.0,9.81
949,0.0,45.96638361392473,0.0,0.0,-0.04789083041516493,0.0,0.0,9.81
950,0.0,-29.35165172515333,0.0,0.0,-0.04498917207247214,0.0,0.0,9.81
951,0.0,-29.35165172515333,0.0,0.0,-0.009906995227772353,0.0,0.0,9.81
952,0.0,43.493834013414386,0.0,0.0,0.09498370931472273,0.0,0.0,9.81
953,0.0,43.493834013414386,0.0,0.0,-0.11169761432395794,0.0,0.0,9.81
954,0.0,31.5369968965848,0.0,0.0,-0.031099404647359972,0.0,0.0,9.81
955,0.0,-72.85863948478021,0.0,0.0,0.13824949823910265,0.0,0.0,9.81
956,0.0,-72.85863948478021,0.0,0.0,-0.032611460926331506,0.0,0.0,9.81
957,0.0,22.976115171718778,0.0,0.0,0.01883087841415671,0.0,0.0,9.81
958,0.0,22.976115171718778,0.0,0.0,0.0020724569378029905,0.0,0.0,9.81
959,0.0,-36.22683678224751,0.0,0.0,-0.17732702485711174,0.0,0.0,9.81
960,0.0,-36.22683678224751,0.0,0.0,-0.030675382124663,0.0,0.0,9.81
961,0.0,-29.09974551034081,0.0,0.0,-0.08866045860425213,0.0,0.0,9.81
962,0.0,-29.09974551034081,0.0,0.0,-0.006509299595519125,0.0,0.0,9.81
963,0.0,38.626309316830046,0.0,0.0,0.10240697070859348,0.0,0.0,9.81
964,0.0,38.626309316830046,0.0,0.0,-0.10010762710187432,0.0,0.0,9.81
965,0.0,4.63435246833777,0.0,0.0,-0.11041008179156515,0.0,0.0,9.81
966,0.0,4.63435246833777,0.0,0.0,0.012809086762351403,0.0,0.0,9.81
967,0.0,6.319941874180093,0.0,0.0,0.03334390353211831,0.0,0.0,9.81
968,0.0,6.319941874180093,0.0,0.0,-0.031083105834638695,0.0,0.0,9.81
969,0.0,33.99997112886664,0.0,0.0,-0.006827157411919035,0.0,0.0,9.81
970,0.0,33.99997112886664,0.0,0.0,-0.11537614397105544,0.0,0.0,9.81
971,0.0,32.86333606659261,0.0,0.0,0.08014228770023002,0.0,0.0,9.81
972,0.0,-28.58063553536156,0.0,0.0,-0.05553388644926633,0.0,0.0,9.81
973,0.0,-28.58063553536156,0.0,0.0,-0.04327805383358033,0.0,0.0,9.81
974,0.0,-46.696233233113446,0.0,0.0,-0.01432843158440037,0.0,0.0,9.81
975,0.0,-46.696233233113446,0.0,0.0,-0.02700420025305758,0.0,0.0,9.81
976,0.0,-3.161444751022589,0.0,0.0,0.052716331926248194,0.0,0.0,9.81
977,0.0,-3.161444751022589,0.0,0.0,-0.08040035289763689,0.0,0.0,9.81
978,0.0,-11.78717754928219,0.0,0.0,-0.018632842657646823,0.0,0.0,9.81
979,0.0,-11.78717754928219,0.0,0.0,0.08579750059827064,0.0,0.0,9.81
980,0.0,35.0298686525446,0.0,0.0,0.04956976106575967,0.0,0.0,9.81
981,0.0,35.0298686525446,0.0,0.0,-0.012398440157019576,0.0,0.0,9.81
982,0.0,-0.8882229841569028,0.0,0.0,0.00022624869955169564,0.0,0.0,9.81
983,0.0,-0.8882229841569028,0.0,0.0,-0.008392957753309786,0.0,0.0,9.81
984,0.0,80.22107076903231,0.0,0.0,-0.057780572363689234,0.0,0.0,9.81
985,0.0,80.22107076903231,0.0,0.0,0.0717624242190271,0.0,0.0,9.81
986,0.0,-51.00671695161242,0.0,0.0,0.11879076905944617,0.0,0.0,9.81
987,0.0,-35.73709034428998,0.0,0.0,0.0723439853655202,0.0,0.0,9.81
988,0.0,-35.73709034428998,0.0,0.0,0.14972836858893154,0.0,0.0,9.81
989,0.0,-43.61886718022581,0.0,0.0,-0.03579258829344127,0.0,0.0,9.81
990,0.0,-43.61886718022581,0.0,0.0,0.01935992082190689,0.0,0.0,9.81
991,0.0,-11.758797099982075,0.0,0.0,-0.07159370373823563,0.0,0.0,9.81
992,0.0,-11.758797099982075,0.0,0.0,-0.05861651240921748,0.0,0.0,9.81
993,0.0,-33.445153418986415,0.0,0.0,0.025915507376833916,0.0,0.0,9.81
994,0.0,-33.445153418986415,0.0,0.0,-0.0006698768249421999,0.0,0.0,9.81
995,0.0,-42.138334155031636,0.0,0.0,0.042264171243569425,0.0,0.0,9.81
996,0.0,-42.138334155031636,0.0,0.0,-0.055355767962397516,0.0,0.0,9.81
997,0.0,55.309939078534605,0.0,0.0,0.0825919440592328,0.0,0.0,9.81
998,0.0,55.309939078534605,0.0,0.0,0.01926743360437284,0.0,0.0,9.81
999,0.0,-13.76099461419107,0.0,0.0,-0.005965697207658954,0.0,0.0,9.81
